<?xml version="1.0" encoding="ISO-8859-1"?>

<PropertyList>

  <sim>

    <model>
      <livery>
        <name type="string">Default</name>
        <texture>texture.png</texture>
        <specular>
          <red>   0.3 </red>
          <green> 0.3 </green>
          <blue>  0.3 </blue>
        </specular>
      </livery>
      <livery-periscope>
        <texture>Interior/Panel/Instruments/Periscope/periscope.png</texture>
        <specular>
          <red>   0.3 </red>
          <green> 0.3 </green>
          <blue>  0.3 </blue>
        </specular>
      </livery-periscope>
    </model>

  </sim>

</PropertyList>
