<?xml version="1.0" encoding="ISO-8859-1"?>

<PropertyList>

  <path>KN53.ac</path>

  <animation>
    <object-name>Case</object-name>
    <object-name>Trim</object-name>
    <object-name>InnerKnob1</object-name>
    <object-name>OuterKnob1</object-name>
    <object-name>NavVol</object-name>
    <object-name>NavSwap</object-name>
    <object-name>NavVolUp</object-name>
    <object-name>NavVolDn</object-name>
    <object-name>NavOuterUp</object-name>
    <object-name>NavOuterDn</object-name>
    <object-name>NavInnerUp</object-name>
    <object-name>NavInnerDn</object-name>
    <object-name>NavA1.1</object-name>
    <object-name>NavA1.2</object-name>
    <object-name>NavA1.3</object-name>
    <object-name>NavA1.4</object-name>
    <object-name>NavA1.5</object-name>
    <object-name>NavA1.6</object-name>
    <object-name>NavA1.7</object-name>
    <object-name>NavA2.1</object-name>
    <object-name>NavA2.2</object-name>
    <object-name>NavA2.3</object-name>
    <object-name>NavA2.4</object-name>
    <object-name>NavA2.5</object-name>
    <object-name>NavA2.6</object-name>
    <object-name>NavA2.7</object-name>
    <object-name>NavA3.1</object-name>
    <object-name>NavA3.2</object-name>
    <object-name>NavA3.3</object-name>
    <object-name>NavA3.4</object-name>
    <object-name>NavA3.5</object-name>
    <object-name>NavA3.6</object-name>
    <object-name>NavA3.7</object-name>
    <object-name>NavA4.1</object-name>
    <object-name>NavA4.2</object-name>
    <object-name>NavA4.3</object-name>
    <object-name>NavA4.4</object-name>
    <object-name>NavA4.5</object-name>
    <object-name>NavA4.6</object-name>
    <object-name>NavA4.7</object-name>
    <object-name>NavA5.1</object-name>
    <object-name>NavA5.2</object-name>
    <object-name>NavA5.3</object-name>
    <object-name>NavA5.4</object-name>
    <object-name>NavA5.5</object-name>
    <object-name>NavA5.6</object-name>
    <object-name>NavA5.7</object-name>
    <object-name>NavADec</object-name>
    <object-name>NavS1.1</object-name>
    <object-name>NavS1.2</object-name>
    <object-name>NavS1.3</object-name>
    <object-name>NavS1.4</object-name>
    <object-name>NavS1.5</object-name>
    <object-name>NavS1.6</object-name>
    <object-name>NavS1.7</object-name>
    <object-name>NavS2.1</object-name>
    <object-name>NavS2.2</object-name>
    <object-name>NavS2.3</object-name>
    <object-name>NavS2.4</object-name>
    <object-name>NavS2.5</object-name>
    <object-name>NavS2.6</object-name>
    <object-name>NavS2.7</object-name>
    <object-name>NavS3.1</object-name>
    <object-name>NavS3.2</object-name>
    <object-name>NavS3.3</object-name>
    <object-name>NavS3.4</object-name>
    <object-name>NavS3.5</object-name>
    <object-name>NavS3.6</object-name>
    <object-name>NavS3.7</object-name>
    <object-name>NavS4.1</object-name>
    <object-name>NavS4.2</object-name>
    <object-name>NavS4.3</object-name>
    <object-name>NavS4.4</object-name>
    <object-name>NavS4.5</object-name>
    <object-name>NavS4.6</object-name>
    <object-name>NavS4.7</object-name>
    <object-name>NavS5.1</object-name>
    <object-name>NavS5.2</object-name>
    <object-name>NavS5.3</object-name>
    <object-name>NavS5.4</object-name>
    <object-name>NavS5.5</object-name>
    <object-name>NavS5.6</object-name>
    <object-name>NavS5.7</object-name>
    <object-name>NavSDec</object-name>

    <object-name>Screen</object-name>
  </animation>

  <animation>
    <type>material</type>
    <object-name>NavA1.1</object-name>
    <object-name>NavA1.2</object-name>
    <object-name>NavA1.3</object-name>
    <object-name>NavA1.4</object-name>
    <object-name>NavA1.5</object-name>
    <object-name>NavA1.6</object-name>
    <object-name>NavA1.7</object-name>
    <object-name>NavA2.1</object-name>
    <object-name>NavA2.2</object-name>
    <object-name>NavA2.3</object-name>
    <object-name>NavA2.4</object-name>
    <object-name>NavA2.5</object-name>
    <object-name>NavA2.6</object-name>
    <object-name>NavA2.7</object-name>
    <object-name>NavA3.1</object-name>
    <object-name>NavA3.2</object-name>
    <object-name>NavA3.3</object-name>
    <object-name>NavA3.4</object-name>
    <object-name>NavA3.5</object-name>
    <object-name>NavA3.6</object-name>
    <object-name>NavA3.7</object-name>
    <object-name>NavA4.1</object-name>
    <object-name>NavA4.2</object-name>
    <object-name>NavA4.3</object-name>
    <object-name>NavA4.4</object-name>
    <object-name>NavA4.5</object-name>
    <object-name>NavA4.6</object-name>
    <object-name>NavA4.7</object-name>
    <object-name>NavA5.1</object-name>
    <object-name>NavA5.2</object-name>
    <object-name>NavA5.3</object-name>
    <object-name>NavA5.4</object-name>
    <object-name>NavA5.5</object-name>
    <object-name>NavA5.6</object-name>
    <object-name>NavA5.7</object-name>
    <object-name>NavADec</object-name>
    <object-name>NavS1.1</object-name>
    <object-name>NavS1.2</object-name>
    <object-name>NavS1.3</object-name>
    <object-name>NavS1.4</object-name>
    <object-name>NavS1.5</object-name>
    <object-name>NavS1.6</object-name>
    <object-name>NavS1.7</object-name>
    <object-name>NavS2.1</object-name>
    <object-name>NavS2.2</object-name>
    <object-name>NavS2.3</object-name>
    <object-name>NavS2.4</object-name>
    <object-name>NavS2.5</object-name>
    <object-name>NavS2.6</object-name>
    <object-name>NavS2.7</object-name>
    <object-name>NavS3.1</object-name>
    <object-name>NavS3.2</object-name>
    <object-name>NavS3.3</object-name>
    <object-name>NavS3.4</object-name>
    <object-name>NavS3.5</object-name>
    <object-name>NavS3.6</object-name>
    <object-name>NavS3.7</object-name>
    <object-name>NavS4.1</object-name>
    <object-name>NavS4.2</object-name>
    <object-name>NavS4.3</object-name>
    <object-name>NavS4.4</object-name>
    <object-name>NavS4.5</object-name>
    <object-name>NavS4.6</object-name>
    <object-name>NavS4.7</object-name>
    <object-name>NavS5.1</object-name>
    <object-name>NavS5.2</object-name>
    <object-name>NavS5.3</object-name>
    <object-name>NavS5.4</object-name>
    <object-name>NavS5.5</object-name>
    <object-name>NavS5.6</object-name>
    <object-name>NavS5.7</object-name>
    <object-name>NavSDec</object-name>
    <emission>
      <red>   1.0 </red>
      <green> 0.0 </green>
      <blue>  0.0 </blue>
      <factor-prop>/controls/lighting/instruments-norm</factor-prop>
    </emission>
  </animation>

  <animation> 
    <type>rotate</type>
    <object-name>NavVol</object-name>
    <property>instrumentation/kn53/navvol-norm</property>
    <factor>270</factor>
    <axis> 
      <x> -1 </x>
      <y>  0 </y>
      <z>  0 </z>
    </axis>
    <center>
      <x-m> 0.000 </x-m>
      <y-m> 0.031 </y-m>
      <z-m> 0.010 </z-m>  
    </center>
  </animation>                                                              

  <animation>
    <type>pick</type>
    <visible>false</visible>
    <object-name>NavVolDn</object-name>
    <action>
      <button>0</button>
      <repeatable>true</repeatable>
      <binding>
        <command>property-adjust</command>
        <property>/instrumentation/kn53/navvol-norm</property>
        <step type="double">-0.1</step>
        <min>0</min>
        <max>1</max>
      </binding>          
    </action>
  </animation>                        

  <animation>
    <type>pick</type>
    <visible>false</visible>
    <object-name>NavVolUp</object-name>
    <action>
      <button>0</button>
      <repeatable>true</repeatable>
      <binding>
        <command>property-adjust</command>
        <property>/instrumentation/kn53/navvol-norm</property>
        <step type="double">0.1</step>
        <min>0</min>
        <max>1</max>
      </binding>          
    </action>
  </animation>                        

  <animation>
    <type>pick</type>
    <visible>true</visible>
    <object-name>NavSwap</object-name>
    <action>
      <button>0</button>
      <repeatable>false</repeatable>
      <binding>
        <command>property-swap</command>
        <property>/instrumentation/nav[0]/frequencies/selected-mhz</property>
        <property>/instrumentation/nav[0]/frequencies/standby-mhz</property>
      </binding>                             
    </action>
  </animation>                        

  <animation>
    <type>pick</type>
    <visible>false</visible>
    <object-name>NavOuterUp</object-name>
    <action>
      <button>0</button>
      <repeatable>true</repeatable>
      <binding>
        <command>property-adjust</command>
        <property>/instrumentation/nav[0]/frequencies/standby-mhz</property>
        <step type="double">1</step>
      </binding>          
    </action>
  </animation>                        

  <animation>
    <type>pick</type>
    <visible>false</visible>
    <object-name>NavOuterDn</object-name>
    <action>
      <button>0</button>
      <repeatable>true</repeatable>
      <binding>
        <command>property-adjust</command>
        <property>/instrumentation/nav[0]/frequencies/standby-mhz</property>
        <step type="double">-1</step>
      </binding>          
    </action>
  </animation>                        

  <animation>
    <type>pick</type>
    <visible>false</visible>
    <object-name>NavInnerUp</object-name>
    <action>
      <button>0</button>
      <repeatable>true</repeatable>
      <binding>
        <command>property-adjust</command>
        <property>/instrumentation/nav[0]/frequencies/standby-mhz</property>
        <step type="double">0.05</step>
      </binding>          
    </action>
  </animation>                        

  <animation>
    <type>pick</type>
    <visible>false</visible>
    <object-name>NavInnerDn</object-name>
    <action>
      <button>0</button>
      <repeatable>true</repeatable>
      <binding>
        <command>property-adjust</command>
        <property>/instrumentation/nav[0]/frequencies/standby-mhz</property>
        <step type="double">-0.05</step>
      </binding>          
    </action>
  </animation>                        

  <!-- 7 segment decoder - active nav frequency first digit -->
  <animation>
    <type>select</type>
    <object-name>NavA1.1</object-name>
    <condition>
      <not>
        <or>
          <equals>
            <property>instrumentation/nav[0]/selected/digit1</property>
            <value>1</value>
          </equals>
          <equals>
            <property>instrumentation/nav[0]/selected/digit1</property>
            <value>4</value>
          </equals>
        </or>
      </not>
    </condition>
  </animation>

  <animation>
    <type>select</type>
    <object-name>NavA1.2</object-name>
    <condition>
      <not>
        <or>
          <equals>
            <property>instrumentation/nav[0]/selected/digit1</property>
            <value>5</value>
          </equals>
          <equals>
            <property>instrumentation/nav[0]/selected/digit1</property>
            <value>6</value>
          </equals>
        </or>
      </not>
    </condition>
  </animation>

  <animation>
    <type>select</type>
    <object-name>NavA1.3</object-name>
    <condition>
      <not-equals>
        <property>instrumentation/nav[0]/selected/digit1</property>
        <value>2</value>
      </not-equals>
    </condition>
  </animation>

 <animation>
  <type>select</type>
  <object-name>NavA1.4</object-name>
  <condition>
   <not>
    <or>
     <equals>
      <property>instrumentation/nav[0]/selected/digit1</property>
      <value>1</value>
     </equals>
     <equals>
      <property>instrumentation/nav[0]/selected/digit1</property>
      <value>4</value>
     </equals>
     <equals>
      <property>instrumentation/nav[0]/selected/digit1</property>
      <value>7</value>
     </equals>
    </or>
   </not>
  </condition>
 </animation>

 <animation>
  <type>select</type>
  <object-name>NavA1.5</object-name>
  <condition>
   <or>
    <equals>
    <property>instrumentation/nav[0]/selected/digit1</property>
    <value>0</value>
    </equals>
    <equals>
    <property>instrumentation/nav[0]/selected/digit1</property>
    <value>2</value>
    </equals>
    <equals>
     <property>instrumentation/nav[0]/selected/digit1</property>
     <value>6</value>
    </equals>
    <equals>
     <property>instrumentation/nav[0]/selected/digit1</property>
     <value>8</value>
    </equals>
   </or>
  </condition>
 </animation>

 <animation>
  <type>select</type>
  <object-name>NavA1.6</object-name>
  <condition>
   <not>
    <or>
     <equals>
      <property>instrumentation/nav[0]/selected/digit1</property>
      <value>1</value>
     </equals>
     <equals>
      <property>instrumentation/nav[0]/selected/digit1</property>
      <value>2</value>
     </equals>
     <equals>
      <property>instrumentation/nav[0]/selected/digit1</property>
      <value>3</value>
     </equals>
     <equals>
      <property>instrumentation/nav[0]/selected/digit1</property>
      <value>7</value>
     </equals>
    </or>
   </not>
  </condition>
 </animation>

 <animation>
  <type>select</type>
  <object-name>NavA1.7</object-name>
  <condition>
   <not>
    <or>
     <equals>
      <property>instrumentation/nav[0]/selected/digit1</property>
      <value>0</value>
     </equals>
     <equals>
      <property>instrumentation/nav[0]/selected/digit1</property>
      <value>1</value>
     </equals>
     <equals>
      <property>instrumentation/nav[0]/selected/digit1</property>
      <value>7</value>
     </equals>
    </or>
   </not>
  </condition>
 </animation>

<!-- 7 segment decoder - active nav frequency second digit -->

 <animation>
  <type>select</type>
  <object-name>NavA2.1</object-name>
  <condition>
   <not>
    <or>
     <equals>
      <property>instrumentation/nav[0]/selected/digit2</property>
      <value>1</value>
     </equals>
     <equals>
      <property>instrumentation/nav[0]/selected/digit2</property>
      <value>4</value>
     </equals>
    </or>
   </not>
  </condition>
 </animation>

 <animation>
  <type>select</type>
  <object-name>NavA2.2</object-name>
  <condition>
   <not>
    <or>
     <equals>
      <property>instrumentation/nav[0]/selected/digit2</property>
      <value>5</value>
     </equals>
     <equals>
      <property>instrumentation/nav[0]/selected/digit2</property>
      <value>6</value>
     </equals>
    </or>
   </not>
  </condition>
 </animation>

 <animation>
  <type>select</type>
  <object-name>NavA2.3</object-name>
  <condition>
   <not-equals>
    <property>instrumentation/nav[0]/selected/digit2</property>
    <value>2</value>
   </not-equals>
  </condition>
 </animation>

 <animation>
  <type>select</type>
  <object-name>NavA2.4</object-name>
  <condition>
   <not>
    <or>
     <equals>
      <property>instrumentation/nav[0]/selected/digit2</property>
      <value>1</value>
     </equals>
     <equals>
      <property>instrumentation/nav[0]/selected/digit2</property>
      <value>4</value>
     </equals>
     <equals>
      <property>instrumentation/nav[0]/selected/digit2</property>
      <value>7</value>
     </equals>
    </or>
   </not>
  </condition>
 </animation>

 <animation>
  <type>select</type>
  <object-name>NavA2.5</object-name>
  <condition>
   <or>
    <equals>
    <property>instrumentation/nav[0]/selected/digit2</property>
    <value>0</value>
    </equals>
    <equals>
    <property>instrumentation/nav[0]/selected/digit2</property>
    <value>2</value>
    </equals>
    <equals>
     <property>instrumentation/nav[0]/selected/digit2</property>
     <value>6</value>
    </equals>
    <equals>
     <property>instrumentation/nav[0]/selected/digit2</property>
     <value>8</value>
    </equals>
   </or>
  </condition>
 </animation>

 <animation>
  <type>select</type>
  <object-name>NavA2.6</object-name>
  <condition>
   <not>
    <or>
     <equals>
      <property>instrumentation/nav[0]/selected/digit2</property>
      <value>1</value>
     </equals>
     <equals>
      <property>instrumentation/nav[0]/selected/digit2</property>
      <value>2</value>
     </equals>
     <equals>
      <property>instrumentation/nav[0]/selected/digit2</property>
      <value>3</value>
     </equals>
     <equals>
      <property>instrumentation/nav[0]/selected/digit2</property>
      <value>7</value>
     </equals>
    </or>
   </not>
  </condition>
 </animation>

 <animation>
  <type>select</type>
  <object-name>NavA2.7</object-name>
  <condition>
   <not>
    <or>
     <equals>
      <property>instrumentation/nav[0]/selected/digit2</property>
      <value>0</value>
     </equals>
     <equals>
      <property>instrumentation/nav[0]/selected/digit2</property>
      <value>1</value>
     </equals>
     <equals>
      <property>instrumentation/nav[0]/selected/digit2</property>
      <value>7</value>
     </equals>
    </or>
   </not>
  </condition>
 </animation>

<!-- 7 segment decoder - active nav frequency third digit -->

 <animation>
  <type>select</type>
  <object-name>NavA3.1</object-name>
  <condition>
   <not>
    <or>
     <equals>
      <property>instrumentation/nav[0]/selected/digit3</property>
      <value>1</value>
     </equals>
     <equals>
      <property>instrumentation/nav[0]/selected/digit3</property>
      <value>4</value>
     </equals>
    </or>
   </not>
  </condition>
 </animation>

 <animation>
  <type>select</type>
  <object-name>NavA3.2</object-name>
  <condition>
   <not>
    <or>
     <equals>
      <property>instrumentation/nav[0]/selected/digit3</property>
      <value>5</value>
     </equals>
     <equals>
      <property>instrumentation/nav[0]/selected/digit3</property>
      <value>6</value>
     </equals>
    </or>
   </not>
  </condition>
 </animation>

 <animation>
  <type>select</type>
  <object-name>NavA3.3</object-name>
  <condition>
   <not-equals>
    <property>instrumentation/nav[0]/selected/digit3</property>
    <value>2</value>
   </not-equals>
  </condition>
 </animation>

 <animation>
  <type>select</type>
  <object-name>NavA3.4</object-name>
  <condition>
   <not>
    <or>
     <equals>
      <property>instrumentation/nav[0]/selected/digit3</property>
      <value>1</value>
     </equals>
     <equals>
      <property>instrumentation/nav[0]/selected/digit3</property>
      <value>4</value>
     </equals>
     <equals>
      <property>instrumentation/nav[0]/selected/digit3</property>
      <value>7</value>
     </equals>
    </or>
   </not>
  </condition>
 </animation>

 <animation>
  <type>select</type>
  <object-name>NavA3.5</object-name>
  <condition>
   <or>
    <equals>
    <property>instrumentation/nav[0]/selected/digit3</property>
    <value>0</value>
    </equals>
    <equals>
    <property>instrumentation/nav[0]/selected/digit3</property>
    <value>2</value>
    </equals>
    <equals>
     <property>instrumentation/nav[0]/selected/digit3</property>
     <value>6</value>
    </equals>
    <equals>
     <property>instrumentation/nav[0]/selected/digit3</property>
     <value>8</value>
    </equals>
   </or>
  </condition>
 </animation>

 <animation>
  <type>select</type>
  <object-name>NavA3.6</object-name>
  <condition>
   <not>
    <or>
     <equals>
      <property>instrumentation/nav[0]/selected/digit3</property>
      <value>1</value>
     </equals>
     <equals>
      <property>instrumentation/nav[0]/selected/digit3</property>
      <value>2</value>
     </equals>
     <equals>
      <property>instrumentation/nav[0]/selected/digit3</property>
      <value>3</value>
     </equals>
     <equals>
      <property>instrumentation/nav[0]/selected/digit3</property>
      <value>7</value>
     </equals>
    </or>
   </not>
  </condition>
 </animation>

 <animation>
  <type>select</type>
  <object-name>NavA3.7</object-name>
  <condition>
   <not>
    <or>
     <equals>
      <property>instrumentation/nav[0]/selected/digit3</property>
      <value>0</value>
     </equals>
     <equals>
      <property>instrumentation/nav[0]/selected/digit3</property>
      <value>1</value>
     </equals>
     <equals>
      <property>instrumentation/nav[0]/selected/digit3</property>
      <value>7</value>
     </equals>
    </or>
   </not>
  </condition>
 </animation>

<!-- 7 segment decoder - active nav frequency fourth digit -->

 <animation>
  <type>select</type>
  <object-name>NavA4.1</object-name>
  <condition>
   <not>
    <or>
     <equals>
      <property>instrumentation/nav[0]/selected/digit4</property>
      <value>1</value>
     </equals>
     <equals>
      <property>instrumentation/nav[0]/selected/digit4</property>
      <value>4</value>
     </equals>
    </or>
   </not>
  </condition>
 </animation>

 <animation>
  <type>select</type>
  <object-name>NavA4.2</object-name>
  <condition>
   <not>
    <or>
     <equals>
      <property>instrumentation/nav[0]/selected/digit4</property>
      <value>5</value>
     </equals>
     <equals>
      <property>instrumentation/nav[0]/selected/digit4</property>
      <value>6</value>
     </equals>
    </or>
   </not>
  </condition>
 </animation>

 <animation>
  <type>select</type>
  <object-name>NavA4.3</object-name>
  <condition>
   <not-equals>
    <property>instrumentation/nav[0]/selected/digit4</property>
    <value>2</value>
   </not-equals>
  </condition>
 </animation>

 <animation>
  <type>select</type>
  <object-name>NavA4.4</object-name>
  <condition>
   <not>
    <or>
     <equals>
      <property>instrumentation/nav[0]/selected/digit4</property>
      <value>1</value>
     </equals>
     <equals>
      <property>instrumentation/nav[0]/selected/digit4</property>
      <value>4</value>
     </equals>
     <equals>
      <property>instrumentation/nav[0]/selected/digit4</property>
      <value>7</value>
     </equals>
    </or>
   </not>
  </condition>
 </animation>

 <animation>
  <type>select</type>
  <object-name>NavA4.5</object-name>
  <condition>
   <or>
    <equals>
    <property>instrumentation/nav[0]/selected/digit4</property>
    <value>0</value>
    </equals>
    <equals>
    <property>instrumentation/nav[0]/selected/digit4</property>
    <value>2</value>
    </equals>
    <equals>
     <property>instrumentation/nav[0]/selected/digit4</property>
     <value>6</value>
    </equals>
    <equals>
     <property>instrumentation/nav[0]/selected/digit4</property>
     <value>8</value>
    </equals>
   </or>
  </condition>
 </animation>

 <animation>
  <type>select</type>
  <object-name>NavA4.6</object-name>
  <condition>
   <not>
    <or>
     <equals>
      <property>instrumentation/nav[0]/selected/digit4</property>
      <value>1</value>
     </equals>
     <equals>
      <property>instrumentation/nav[0]/selected/digit4</property>
      <value>2</value>
     </equals>
     <equals>
      <property>instrumentation/nav[0]/selected/digit4</property>
      <value>3</value>
     </equals>
     <equals>
      <property>instrumentation/nav[0]/selected/digit4</property>
      <value>7</value>
     </equals>
    </or>
   </not>
  </condition>
 </animation>

 <animation>
  <type>select</type>
  <object-name>NavA4.7</object-name>
  <condition>
   <not>
    <or>
     <equals>
      <property>instrumentation/nav[0]/selected/digit4</property>
      <value>0</value>
     </equals>
     <equals>
      <property>instrumentation/nav[0]/selected/digit4</property>
      <value>1</value>
     </equals>
     <equals>
      <property>instrumentation/nav[0]/selected/digit4</property>
      <value>7</value>
     </equals>
    </or>
   </not>
  </condition>
 </animation>

<!-- 7 segment decoder - active nav frequency fifth digit -->

 <animation>
  <type>select</type>
  <object-name>NavA5.1</object-name>
  <condition>
   <not>
    <or>
     <equals>
      <property>instrumentation/nav[0]/selected/digit5</property>
      <value>1</value>
     </equals>
     <equals>
      <property>instrumentation/nav[0]/selected/digit5</property>
      <value>4</value>
     </equals>
    </or>
   </not>
  </condition>
 </animation>

 <animation>
  <type>select</type>
  <object-name>NavA5.2</object-name>
  <condition>
   <not>
    <or>
     <equals>
      <property>instrumentation/nav[0]/selected/digit5</property>
      <value>5</value>
     </equals>
     <equals>
      <property>instrumentation/nav[0]/selected/digit5</property>
      <value>6</value>
     </equals>
    </or>
   </not>
  </condition>
 </animation>

 <animation>
  <type>select</type>
  <object-name>NavA5.3</object-name>
  <condition>
   <not-equals>
    <property>instrumentation/nav[0]/selected/digit5</property>
    <value>2</value>
   </not-equals>
  </condition>
 </animation>

 <animation>
  <type>select</type>
  <object-name>NavA5.4</object-name>
  <condition>
   <not>
    <or>
     <equals>
      <property>instrumentation/nav[0]/selected/digit5</property>
      <value>1</value>
     </equals>
     <equals>
      <property>instrumentation/nav[0]/selected/digit5</property>
      <value>4</value>
     </equals>
     <equals>
      <property>instrumentation/nav[0]/selected/digit5</property>
      <value>7</value>
     </equals>
    </or>
   </not>
  </condition>
 </animation>

 <animation>
  <type>select</type>
  <object-name>NavA5.5</object-name>
  <condition>
   <or>
    <equals>
    <property>instrumentation/nav[0]/selected/digit5</property>
    <value>0</value>
    </equals>
    <equals>
    <property>instrumentation/nav[0]/selected/digit5</property>
    <value>2</value>
    </equals>
    <equals>
     <property>instrumentation/nav[0]/selected/digit5</property>
     <value>6</value>
    </equals>
    <equals>
     <property>instrumentation/nav[0]/selected/digit5</property>
     <value>8</value>
    </equals>
   </or>
  </condition>
 </animation>

 <animation>
  <type>select</type>
  <object-name>NavA5.6</object-name>
  <condition>
   <not>
    <or>
     <equals>
      <property>instrumentation/nav[0]/selected/digit5</property>
      <value>1</value>
     </equals>
     <equals>
      <property>instrumentation/nav[0]/selected/digit5</property>
      <value>2</value>
     </equals>
     <equals>
      <property>instrumentation/nav[0]/selected/digit5</property>
      <value>3</value>
     </equals>
     <equals>
      <property>instrumentation/nav[0]/selected/digit5</property>
      <value>7</value>
     </equals>
    </or>
   </not>
  </condition>
 </animation>

 <animation>
  <type>select</type>
  <object-name>NavA5.7</object-name>
  <condition>
   <not>
    <or>
     <equals>
      <property>instrumentation/nav[0]/selected/digit5</property>
      <value>0</value>
     </equals>
     <equals>
      <property>instrumentation/nav[0]/selected/digit5</property>
      <value>1</value>
     </equals>
     <equals>
      <property>instrumentation/nav[0]/selected/digit5</property>
      <value>7</value>
     </equals>
    </or>
   </not>
  </condition>
 </animation>

<!-- 7 segment decoder - standby nav frequency first digit -->

 <animation>
  <type>select</type>
  <object-name>NavS1.1</object-name>
  <condition>
   <not>
    <or>
     <equals>
      <property>instrumentation/nav[0]/standby/digit1</property>
      <value>1</value>
     </equals>
     <equals>
      <property>instrumentation/nav[0]/standby/digit1</property>
      <value>4</value>
     </equals>
    </or>
   </not>
  </condition>
 </animation>

 <animation>
  <type>select</type>
  <object-name>NavS1.2</object-name>
  <condition>
   <not>
    <or>
     <equals>
      <property>instrumentation/nav[0]/standby/digit1</property>
      <value>5</value>
     </equals>
     <equals>
      <property>instrumentation/nav[0]/standby/digit1</property>
      <value>6</value>
     </equals>
    </or>
   </not>
  </condition>
 </animation>

 <animation>
  <type>select</type>
  <object-name>NavS1.3</object-name>
  <condition>
   <not-equals>
    <property>instrumentation/nav[0]/standby/digit1</property>
    <value>2</value>
   </not-equals>
  </condition>
 </animation>

 <animation>
  <type>select</type>
  <object-name>NavS1.4</object-name>
  <condition>
   <not>
    <or>
     <equals>
      <property>instrumentation/nav[0]/standby/digit1</property>
      <value>1</value>
     </equals>
     <equals>
      <property>instrumentation/nav[0]/standby/digit1</property>
      <value>4</value>
     </equals>
     <equals>
      <property>instrumentation/nav[0]/standby/digit1</property>
      <value>7</value>
     </equals>
    </or>
   </not>
  </condition>
 </animation>

 <animation>
  <type>select</type>
  <object-name>NavS1.5</object-name>
  <condition>
   <or>
    <equals>
    <property>instrumentation/nav[0]/standby/digit1</property>
    <value>0</value>
    </equals>
    <equals>
    <property>instrumentation/nav[0]/standby/digit1</property>
    <value>2</value>
    </equals>
    <equals>
     <property>instrumentation/nav[0]/standby/digit1</property>
     <value>6</value>
    </equals>
    <equals>
     <property>instrumentation/nav[0]/standby/digit1</property>
     <value>8</value>
    </equals>
   </or>
  </condition>
 </animation>

 <animation>
  <type>select</type>
  <object-name>NavS1.6</object-name>
  <condition>
   <not>
    <or>
     <equals>
      <property>instrumentation/nav[0]/standby/digit1</property>
      <value>1</value>
     </equals>
     <equals>
      <property>instrumentation/nav[0]/standby/digit1</property>
      <value>2</value>
     </equals>
     <equals>
      <property>instrumentation/nav[0]/standby/digit1</property>
      <value>3</value>
     </equals>
     <equals>
      <property>instrumentation/nav[0]/standby/digit1</property>
      <value>7</value>
     </equals>
    </or>
   </not>
  </condition>
 </animation>

 <animation>
  <type>select</type>
  <object-name>NavS1.7</object-name>
  <condition>
   <not>
    <or>
     <equals>
      <property>instrumentation/nav[0]/standby/digit1</property>
      <value>0</value>
     </equals>
     <equals>
      <property>instrumentation/nav[0]/standby/digit1</property>
      <value>1</value>
     </equals>
     <equals>
      <property>instrumentation/nav[0]/standby/digit1</property>
      <value>7</value>
     </equals>
    </or>
   </not>
  </condition>
 </animation>

<!-- 7 segment decoder - standby nav frequency second digit -->

 <animation>
  <type>select</type>
  <object-name>NavS2.1</object-name>
  <condition>
   <not>
    <or>
     <equals>
      <property>instrumentation/nav[0]/standby/digit2</property>
      <value>1</value>
     </equals>
     <equals>
      <property>instrumentation/nav[0]/standby/digit2</property>
      <value>4</value>
     </equals>
    </or>
   </not>
  </condition>
 </animation>

 <animation>
  <type>select</type>
  <object-name>NavS2.2</object-name>
  <condition>
   <not>
    <or>
     <equals>
      <property>instrumentation/nav[0]/standby/digit2</property>
      <value>5</value>
     </equals>
     <equals>
      <property>instrumentation/nav[0]/standby/digit2</property>
      <value>6</value>
     </equals>
    </or>
   </not>
  </condition>
 </animation>

 <animation>
  <type>select</type>
  <object-name>NavS2.3</object-name>
  <condition>
   <not-equals>
    <property>instrumentation/nav[0]/standby/digit2</property>
    <value>2</value>
   </not-equals>
  </condition>
 </animation>

 <animation>
  <type>select</type>
  <object-name>NavS2.4</object-name>
  <condition>
   <not>
    <or>
     <equals>
      <property>instrumentation/nav[0]/standby/digit2</property>
      <value>1</value>
     </equals>
     <equals>
      <property>instrumentation/nav[0]/standby/digit2</property>
      <value>4</value>
     </equals>
     <equals>
      <property>instrumentation/nav[0]/standby/digit2</property>
      <value>7</value>
     </equals>
    </or>
   </not>
  </condition>
 </animation>

 <animation>
  <type>select</type>
  <object-name>NavS2.5</object-name>
  <condition>
   <or>
    <equals>
    <property>instrumentation/nav[0]/standby/digit2</property>
    <value>0</value>
    </equals>
    <equals>
    <property>instrumentation/nav[0]/standby/digit2</property>
    <value>2</value>
    </equals>
    <equals>
     <property>instrumentation/nav[0]/standby/digit2</property>
     <value>6</value>
    </equals>
    <equals>
     <property>instrumentation/nav[0]/standby/digit2</property>
     <value>8</value>
    </equals>
   </or>
  </condition>
 </animation>

 <animation>
  <type>select</type>
  <object-name>NavS2.6</object-name>
  <condition>
   <not>
    <or>
     <equals>
      <property>instrumentation/nav[0]/standby/digit2</property>
      <value>1</value>
     </equals>
     <equals>
      <property>instrumentation/nav[0]/standby/digit2</property>
      <value>2</value>
     </equals>
     <equals>
      <property>instrumentation/nav[0]/standby/digit2</property>
      <value>3</value>
     </equals>
     <equals>
      <property>instrumentation/nav[0]/standby/digit2</property>
      <value>7</value>
     </equals>
    </or>
   </not>
  </condition>
 </animation>

 <animation>
  <type>select</type>
  <object-name>NavS2.7</object-name>
  <condition>
   <not>
    <or>
     <equals>
      <property>instrumentation/nav[0]/standby/digit2</property>
      <value>0</value>
     </equals>
     <equals>
      <property>instrumentation/nav[0]/standby/digit2</property>
      <value>1</value>
     </equals>
     <equals>
      <property>instrumentation/nav[0]/standby/digit2</property>
      <value>7</value>
     </equals>
    </or>
   </not>
  </condition>
 </animation>

<!-- 7 segment decoder - standby nav frequency third digit -->

 <animation>
  <type>select</type>
  <object-name>NavS3.1</object-name>
  <condition>
   <not>
    <or>
     <equals>
      <property>instrumentation/nav[0]/standby/digit3</property>
      <value>1</value>
     </equals>
     <equals>
      <property>instrumentation/nav[0]/standby/digit3</property>
      <value>4</value>
     </equals>
    </or>
   </not>
  </condition>
 </animation>

 <animation>
  <type>select</type>
  <object-name>NavS3.2</object-name>
  <condition>
   <not>
    <or>
     <equals>
      <property>instrumentation/nav[0]/standby/digit3</property>
      <value>5</value>
     </equals>
     <equals>
      <property>instrumentation/nav[0]/standby/digit3</property>
      <value>6</value>
     </equals>
    </or>
   </not>
  </condition>
 </animation>

 <animation>
  <type>select</type>
  <object-name>NavS3.3</object-name>
  <condition>
   <not-equals>
    <property>instrumentation/nav[0]/standby/digit3</property>
    <value>2</value>
   </not-equals>
  </condition>
 </animation>

 <animation>
  <type>select</type>
  <object-name>NavS3.4</object-name>
  <condition>
   <not>
    <or>
     <equals>
      <property>instrumentation/nav[0]/standby/digit3</property>
      <value>1</value>
     </equals>
     <equals>
      <property>instrumentation/nav[0]/standby/digit3</property>
      <value>4</value>
     </equals>
     <equals>
      <property>instrumentation/nav[0]/standby/digit3</property>
      <value>7</value>
     </equals>
    </or>
   </not>
  </condition>
 </animation>

 <animation>
  <type>select</type>
  <object-name>NavS3.5</object-name>
  <condition>
   <or>
    <equals>
    <property>instrumentation/nav[0]/standby/digit3</property>
    <value>0</value>
    </equals>
    <equals>
    <property>instrumentation/nav[0]/standby/digit3</property>
    <value>2</value>
    </equals>
    <equals>
     <property>instrumentation/nav[0]/standby/digit3</property>
     <value>6</value>
    </equals>
    <equals>
     <property>instrumentation/nav[0]/standby/digit3</property>
     <value>8</value>
    </equals>
   </or>
  </condition>
 </animation>

 <animation>
  <type>select</type>
  <object-name>NavS3.6</object-name>
  <condition>
   <not>
    <or>
     <equals>
      <property>instrumentation/nav[0]/standby/digit3</property>
      <value>1</value>
     </equals>
     <equals>
      <property>instrumentation/nav[0]/standby/digit3</property>
      <value>2</value>
     </equals>
     <equals>
      <property>instrumentation/nav[0]/standby/digit3</property>
      <value>3</value>
     </equals>
     <equals>
      <property>instrumentation/nav[0]/standby/digit3</property>
      <value>7</value>
     </equals>
    </or>
   </not>
  </condition>
 </animation>

 <animation>
  <type>select</type>
  <object-name>NavS3.7</object-name>
  <condition>
   <not>
    <or>
     <equals>
      <property>instrumentation/nav[0]/standby/digit3</property>
      <value>0</value>
     </equals>
     <equals>
      <property>instrumentation/nav[0]/standby/digit3</property>
      <value>1</value>
     </equals>
     <equals>
      <property>instrumentation/nav[0]/standby/digit3</property>
      <value>7</value>
     </equals>
    </or>
   </not>
  </condition>
 </animation>

<!-- 7 segment decoder - standby nav frequency fourth digit -->

 <animation>
  <type>select</type>
  <object-name>NavS4.1</object-name>
  <condition>
   <not>
    <or>
     <equals>
      <property>instrumentation/nav[0]/standby/digit4</property>
      <value>1</value>
     </equals>
     <equals>
      <property>instrumentation/nav[0]/standby/digit4</property>
      <value>4</value>
     </equals>
    </or>
   </not>
  </condition>
 </animation>

 <animation>
  <type>select</type>
  <object-name>NavS4.2</object-name>
  <condition>
   <not>
    <or>
     <equals>
      <property>instrumentation/nav[0]/standby/digit4</property>
      <value>5</value>
     </equals>
     <equals>
      <property>instrumentation/nav[0]/standby/digit4</property>
      <value>6</value>
     </equals>
    </or>
   </not>
  </condition>
 </animation>

 <animation>
  <type>select</type>
  <object-name>NavS4.3</object-name>
  <condition>
   <not-equals>
    <property>instrumentation/nav[0]/standby/digit4</property>
    <value>2</value>
   </not-equals>
  </condition>
 </animation>

 <animation>
  <type>select</type>
  <object-name>NavS4.4</object-name>
  <condition>
   <not>
    <or>
     <equals>
      <property>instrumentation/nav[0]/standby/digit4</property>
      <value>1</value>
     </equals>
     <equals>
      <property>instrumentation/nav[0]/standby/digit4</property>
      <value>4</value>
     </equals>
     <equals>
      <property>instrumentation/nav[0]/standby/digit4</property>
      <value>7</value>
     </equals>
    </or>
   </not>
  </condition>
 </animation>

 <animation>
  <type>select</type>
  <object-name>NavS4.5</object-name>
  <condition>
   <or>
    <equals>
    <property>instrumentation/nav[0]/standby/digit4</property>
    <value>0</value>
    </equals>
    <equals>
    <property>instrumentation/nav[0]/standby/digit4</property>
    <value>2</value>
    </equals>
    <equals>
     <property>instrumentation/nav[0]/standby/digit4</property>
     <value>6</value>
    </equals>
    <equals>
     <property>instrumentation/nav[0]/standby/digit4</property>
     <value>8</value>
    </equals>
   </or>
  </condition>
 </animation>

 <animation>
  <type>select</type>
  <object-name>NavS4.6</object-name>
  <condition>
   <not>
    <or>
     <equals>
      <property>instrumentation/nav[0]/standby/digit4</property>
      <value>1</value>
     </equals>
     <equals>
      <property>instrumentation/nav[0]/standby/digit4</property>
      <value>2</value>
     </equals>
     <equals>
      <property>instrumentation/nav[0]/standby/digit4</property>
      <value>3</value>
     </equals>
     <equals>
      <property>instrumentation/nav[0]/standby/digit4</property>
      <value>7</value>
     </equals>
    </or>
   </not>
  </condition>
 </animation>

 <animation>
  <type>select</type>
  <object-name>NavS4.7</object-name>
  <condition>
   <not>
    <or>
     <equals>
      <property>instrumentation/nav[0]/standby/digit4</property>
      <value>0</value>
     </equals>
     <equals>
      <property>instrumentation/nav[0]/standby/digit4</property>
      <value>1</value>
     </equals>
     <equals>
      <property>instrumentation/nav[0]/standby/digit4</property>
      <value>7</value>
     </equals>
    </or>
   </not>
  </condition>
 </animation>

<!-- 7 segment decoder - standby nav frequency fifth digit -->

 <animation>
  <type>select</type>
  <object-name>NavS5.1</object-name>
  <condition>
   <not>
    <or>
     <equals>
      <property>instrumentation/nav[0]/standby/digit5</property>
      <value>1</value>
     </equals>
     <equals>
      <property>instrumentation/nav[0]/standby/digit5</property>
      <value>4</value>
     </equals>
    </or>
   </not>
  </condition>
 </animation>

 <animation>
  <type>select</type>
  <object-name>NavS5.2</object-name>
  <condition>
   <not>
    <or>
     <equals>
      <property>instrumentation/nav[0]/standby/digit5</property>
      <value>5</value>
     </equals>
     <equals>
      <property>instrumentation/nav[0]/standby/digit5</property>
      <value>6</value>
     </equals>
    </or>
   </not>
  </condition>
 </animation>

 <animation>
  <type>select</type>
  <object-name>NavS5.3</object-name>
  <condition>
   <not-equals>
    <property>instrumentation/nav[0]/standby/digit5</property>
    <value>2</value>
   </not-equals>
  </condition>
 </animation>

 <animation>
  <type>select</type>
  <object-name>NavS5.4</object-name>
  <condition>
   <not>
    <or>
     <equals>
      <property>instrumentation/nav[0]/standby/digit5</property>
      <value>1</value>
     </equals>
     <equals>
      <property>instrumentation/nav[0]/standby/digit5</property>
      <value>4</value>
     </equals>
     <equals>
      <property>instrumentation/nav[0]/standby/digit5</property>
      <value>7</value>
     </equals>
    </or>
   </not>
  </condition>
 </animation>

 <animation>
  <type>select</type>
  <object-name>NavS5.5</object-name>
  <condition>
   <or>
    <equals>
    <property>instrumentation/nav[0]/standby/digit5</property>
    <value>0</value>
    </equals>
    <equals>
    <property>instrumentation/nav[0]/standby/digit5</property>
    <value>2</value>
    </equals>
    <equals>
     <property>instrumentation/nav[0]/standby/digit5</property>
     <value>6</value>
    </equals>
    <equals>
     <property>instrumentation/nav[0]/standby/digit5</property>
     <value>8</value>
    </equals>
   </or>
  </condition>
 </animation>

 <animation>
  <type>select</type>
  <object-name>NavS5.6</object-name>
  <condition>
   <not>
    <or>
     <equals>
      <property>instrumentation/nav[0]/standby/digit5</property>
      <value>1</value>
     </equals>
     <equals>
      <property>instrumentation/nav[0]/standby/digit5</property>
      <value>2</value>
     </equals>
     <equals>
      <property>instrumentation/nav[0]/standby/digit5</property>
      <value>3</value>
     </equals>
     <equals>
      <property>instrumentation/nav[0]/standby/digit5</property>
      <value>7</value>
     </equals>
    </or>
   </not>
  </condition>
 </animation>

 <animation>
  <type>select</type>
  <object-name>NavS5.7</object-name>
  <condition>
   <not>
    <or>
     <equals>
      <property>instrumentation/nav[0]/standby/digit5</property>
      <value>0</value>
     </equals>
     <equals>
      <property>instrumentation/nav[0]/standby/digit5</property>
      <value>1</value>
     </equals>
     <equals>
      <property>instrumentation/nav[0]/standby/digit5</property>
      <value>7</value>
     </equals>
    </or>
   </not>
  </condition>
 </animation>

</PropertyList>
