<?xml version="1.0" encoding="ISO-8859-1"?>

<PropertyList>

  <path>asi.ac</path>

  <animation>
    <object-name>fond</object-name>
    <object-name>face</object-name>
    <object-name>needle</object-name>
    <object-name>bouton</object-name>

    <object-name>vitre</object-name>
  </animation>

  <!-- working for Rembrandt -->
  <effect>
    <inherits-from>Aircraft/Fouga-Magister/Models/Effects/Glass/glass</inherits-from>
    <object-name>vitre</object-name>
  </effect>
  
  <animation>
    <type>material</type>
    <object-name>face</object-name>
    <object-name>needle</object-name>
    <emission>
      <factor-prop>systems/electrical/outputs/instrument-lights</factor-prop>
      <red>   0.50 </red>
      <green> 0.25 </green>
      <blue>  0.25 </blue>
    </emission>
  </animation>

  <animation>
    <type>rotate</type>
    <object-name>needle</object-name>
    <property>/instrumentation/airspeed-indicator/indicated-speed-kt</property>
    <interpolation>
      <entry><ind>   0 </ind><dep>   0 </dep></entry>
      <entry><ind>  50 </ind><dep>  10 </dep></entry>
      <entry><ind> 100 </ind><dep>  63 </dep></entry>
      <entry><ind> 150 </ind><dep> 119 </dep></entry>
      <entry><ind> 200 </ind><dep> 163 </dep></entry>
      <entry><ind> 300 </ind><dep> 228 </dep></entry>
      <entry><ind> 400 </ind><dep> 280 </dep></entry>
      <entry><ind> 500 </ind><dep> 320 </dep></entry>
      <entry><ind> 600 </ind><dep> 353 </dep></entry>
    </interpolation>
    <axis>
      <x> -1 </x>
      <y>  0 </y>
      <z>  0 </z>
    </axis>
  </animation>

</PropertyList>
