<?xml version="1.0" encoding="ISO-8859-1"?>

<PropertyList>

  <path>VSI.ac</path>

  <animation>
    <object-name>Bezel</object-name>
    <object-name>Face</object-name>
    <object-name>PointerTip</object-name>   

    <object-name>vitre</object-name>
  </animation>

  <!-- working for Rembrandt -->
  <effect>
    <inherits-from>Aircraft/Grob-G115/Models/Effects/Glass/glass</inherits-from>
    <object-name>vitre</object-name>
  </effect>
  
  <animation>
    <type>material</type>
    <object-name>Face</object-name>
    <object-name>PointerTip</object-name>   
    <emission>
      <red>   1.0 </red>
      <green> 0.2 </green>
      <blue>  0.0 </blue>
      <factor-prop>/controls/lighting/instruments-norm</factor-prop>
    </emission>
  </animation>

  <animation> 
    <type>rotate</type>
    <object-name>PointerTip</object-name>
    <property>/instrumentation/vertical-speed-indicator/indicated-speed-fpm</property>
    <interpolation>
      <entry><ind> -2000 </ind><dep> -172 </dep></entry>
      <entry><ind> -1500 </ind><dep> -130 </dep></entry>
      <entry><ind> -1000 </ind><dep>  -79 </dep></entry>
      <entry><ind>  -500 </ind><dep>  -33 </dep></entry>
      <entry><ind>     0 </ind><dep>    0 </dep></entry>
      <entry><ind>   500 </ind><dep>   33 </dep></entry>
      <entry><ind>  1000 </ind><dep>   79 </dep></entry>
      <entry><ind>  1500 </ind><dep>  130 </dep></entry>
      <entry><ind>  2000 </ind><dep>  172 </dep></entry>
    </interpolation>
    <axis> 
      <x> -1 </x>
      <y>  0 </y>
      <z>  0 </z>
    </axis>
  </animation>         
 
</PropertyList>
