<?xml version="1.0" encoding="ISO-8859-1"?>

<PropertyList>

  <key n="100">
    <name>d</name>
    <desc>Canopy</desc>
    <binding>
      <command>nasal</command>
      <script>doors.crew.toggle();</script>
    </binding>
  </key>

  <key n="115">
    <name>s</name>
    <desc>Fire Starter on Selected Engine(s)</desc>
    <binding>
      <command>property-assign</command>
      <property>/controls/switches/starter</property>
      <value type="int">1</value>
    </binding>
    <binding>
      <command>nasal</command>
      <script>controls.startEngine()</script>
    </binding>
    <mod-up>
      <binding>
        <command>property-assign</command>
        <property>/controls/switches/starter</property>
        <value type="int">0</value>
      </binding>               
      <binding>
        <command>nasal</command>
        <script>props.setAll("/controls/engines/engine", "starter", 0)</script>
      </binding>
    </mod-up>
  </key>                           

</PropertyList>
