<?xml version="1.0" encoding="ISO-8859-1"?>

<PropertyList>

  <sim include="views.xml">

    <fuel-fraction>1.0</fuel-fraction>

    <startup>
      <splash-texture>Aircraft/Fouga-Magister/fouga-splash-scr.png</splash-texture>
    </startup>

    <sound>
      <audible>true</audible>
      <path>Aircraft/Fouga-Magister/Sounds/fouga-sound.xml</path>
    </sound>

    <model>
      <path>Aircraft/Fouga-Magister/Models/fouga.xml</path>
      <livery>
        <file type="string">default</file>
      </livery>
    </model>

    <virtual-cockpit archive="y">true</virtual-cockpit>

    <systems include="rules.xml"/>

    <multiplay>
      <chat_display>1</chat_display>
      <generic>
        <int    n="0"  type="int">0</int>
        <int    n="1"  type="int">0</int>
        <int    n="2"  type="int">0</int>
        <int    n="3"  type="int">0</int>
        <int    n="4"  type="int">0</int>
        <int    n="5"  type="int">0</int>
        <int    n="6"  type="bool" alias="/smoke/active">0</int>
        <int    n="7"  type="int" alias="smoke/particlepersec">50</int>
        <int    n="8"  type="int" alias="/systems/electrical/outputs/nav-lights">0</int>
        <int    n="9"  type="int" alias="/sim/model/lights/beacon/state">false</int>
        <float  n="0"  alias="/sim/model/door-positions/crew/position-norm"/>
        <float  n="1"  alias="/sim/model/door-positions/passenger/position-norm"/>
        <float  n="2"  alias="/position/gear-agl-m">0</float>
        <float  n="3"  alias="/position/altitude-ft">0</float>
        <float  n="4"  alias="/engines/engine[0]/n1"/>
        <float  n="5"  alias="/engines/engine[1]/n1"/>
        <float  n="6"  alias="/engines/engine[0]/n2"/>
        <float  n="7"  alias="/engines/engine[1]/n2"/>
        <float  n="8"  alias="/controls/engines/engine[0]/throttle"/>
        <float  n="9"  alias="/controls/engines/engine[1]/throttle"/>
        <float  n="10" alias="/gear/gear[0]/wow"/>
        <float  n="11" alias="/gear/gear[1]/wow"/>
        <float  n="12" alias="/gear/gear[2]/wow"/>
        <float  n="13" alias="/gear/gear[0]/rollspeed-ms"/>
        <float  n="14" alias="/gear/gear[1]/rollspeed-ms"/>
        <float  n="15" alias="/gear/gear[2]/rollspeed-ms"/>
        <float  n="16" alias="/smoke/colors/knob-red">1</float>
        <float  n="17" alias="/smoke/colors/knob-green">1</float>
        <float  n="18" alias="/smoke/colors/knob-blue">1</float>
        <!-- For Bombable -->
        <int    n="10" type="int" alias="controls/armament/trigger">0</int>
        <string n="9"  type="string" />
      </generic>
    </multiplay>

    <help include="help.xml"/>

    <flaps include="flaps.xml"/>

    <menubar include="../Dialogs/fouga-menu.xml"/>

  </sim>

  <input include="fouga-keyboard.xml"/>

  <controls include="controls.xml"/>

  <consumables include="consumables.xml"/>

  <nasal>
    <doors>
      <file>Aircraft/Fouga-Magister/Nasal/doors.nas</file>
    </doors>
    <fouga>
      <file>Aircraft/Fouga-Magister/Nasal/liveries.nas</file>
      <file>Aircraft/Fouga-Magister/Nasal/light.nas</file>
      <file>Aircraft/Fouga-Magister/Nasal/millibar.nas</file>
      <file>Aircraft/Fouga-Magister/Nasal/convert.nas</file>
      <file>Aircraft/Fouga-Magister/Nasal/Electrical.nas</file>
    </fouga>
    <engines>
      <file>Aircraft/Generic/Engines/generic-yasim-engine.nas</file>
      <file>Aircraft/Fouga-Magister/Nasal/engines-yasim.nas</file>
    </engines>
  </nasal>

</PropertyList>
