<?xml version="1.0" encoding="ISO-8859-1"?>

<PropertyList>

  <path>gmeter.ac</path>

  <animation>
    <object-name>fond</object-name>
    <object-name>face</object-name>
    <object-name>needle</object-name>

    <object-name>vitre</object-name>
  </animation>

  <animation>
    <type>noshadow</type>
    <object-name>fond</object-name>
    <object-name>face</object-name>
    <object-name>needle</object-name>
    <object-name>vitre</object-name>
  </animation>

  <!-- working for Compositor -->
  <effect>
    <inherits-from>../../../../Effects/Glass/glass</inherits-from>
    <object-name>vitre</object-name>
  </effect>

  <animation>
    <type>material</type>
    <object-name>face</object-name>
    <object-name>needle</object-name>
    <condition>
      <property>controls/electric/battery-switch</property>
    </condition>
    <emission>
      <factor-prop>controls/lighting/instruments-norm</factor-prop>
      <red>   0.50 </red>
      <green> 0.40 </green>
      <blue>  0.30 </blue>
    </emission>
  </animation>

  <animation>
    <type>rotate</type>
    <object-name>needle</object-name>
    <property>accelerations/pilot-g</property>
    <factor>1</factor>
    <interpolation>
      <entry><ind> -4 </ind><dep> -202.5 </dep></entry>
      <entry><ind> -3 </ind><dep> -180.0 </dep></entry>
      <entry><ind>  1 </ind><dep>  -90.0 </dep></entry>
      <entry><ind>  5 </ind><dep>    0.0 </dep></entry>
      <entry><ind>  8 </ind><dep>   67.5 </dep></entry>
    </interpolation>
    <axis>
      <x> -1 </x>
      <y>  0 </y>
      <z>  0 </z>
    </axis>
  </animation>

</PropertyList>
