<?xml version="1.0" encoding="ISO-8859-1"?>

<PropertyList>

  <path>EGT-OAT.ac</path>

  <animation>
    <object-name>Bezel</object-name>
    <object-name>Face</object-name>
    <object-name>PtrL</object-name>
    <object-name>PtrR</object-name>

    <object-name>vitre</object-name>
  </animation>

  <!-- working for Rembrandt -->
  <effect>
    <inherits-from>Aircraft/Grob-G115/Models/Effects/Glass/glass</inherits-from>
    <object-name>vitre</object-name>
  </effect>
  
  <animation>
    <type>material</type>
    <object-name>Face</object-name>
    <object-name>PtrL</object-name>
    <object-name>PtrR</object-name>
    <emission>
      <red>   1.0 </red>
      <green> 0.2 </green>
      <blue>  0.0 </blue>
      <factor-prop>/controls/lighting/instruments-norm</factor-prop>
    </emission>
  </animation>

  <animation> 
    <type>rotate</type>
    <object-name>PtrL</object-name>
    <property>/engines/engine/egt-degf</property>
    <interpolation>
      <entry><ind> 1200 </ind><dep>  0 </dep></entry>
      <entry><ind> 1750 </ind><dep> 85 </dep></entry>
    </interpolation>
    <axis> 
      <x> 1 </x>
      <y> 0 </y>
      <z> 0 </z>
    </axis>
    <center>
      <x-m>  0.00 </x-m>
      <y-m> -0.02 </y-m>
      <z-m>  0.00 </z-m>  
    </center>
  </animation>         
 
  <animation> 
    <type>rotate</type>
    <object-name>PtrR</object-name>
    <property>/environment/temperature-degc</property>
    <interpolation>
     <entry><ind> -20 </ind><dep>  0.0 </dep></entry>
     <entry><ind>   0 </ind><dep> 21.0 </dep></entry>
     <entry><ind>  20 </ind><dep> 47.0 </dep></entry>
     <entry><ind>  40 </ind><dep> 65.0 </dep></entry>
     <entry><ind>  60 </ind><dep> 76.5 </dep></entry>
    </interpolation>
    <axis> 
     <x> -1 </x>
     <y>  0 </y>
     <z>  0 </z>
    </axis>
    <center>
      <x-m> 0.00 </x-m>
      <y-m> 0.02 </y-m>
      <z-m> 0.00 </z-m>  
    </center>
  </animation>         
 
</PropertyList>
