<?xml version="1.0" encoding="ISO-8859-1"?>

<!-- engine rpm clock instrument -->
<PropertyList>

  <path>rpm.ac</path>

  <animation>
    <object-name>fond</object-name>
    <object-name>face</object-name>
    <object-name>rpm-Needle1</object-name>
    <object-name>rpm-Needle2</object-name>

    <object-name>vitre</object-name>
  </animation>

  <animation>
    <type>noshadow</type>
    <object-name>fond</object-name>
    <object-name>face</object-name>
    <object-name>rpm-Needle1</object-name>
    <object-name>rpm-Needle2</object-name>
    <object-name>vitre</object-name>
  </animation>

  <!-- working for Compositor -->
  <effect>
    <inherits-from>../../../../Effects/Glass/glass</inherits-from>
    <object-name>vitre</object-name>
  </effect>

  <animation>
    <type>material</type>
    <object-name>face</object-name>
    <object-name>rpm-Needle1</object-name>
    <object-name>rpm-Needle2</object-name>
    <condition>
      <property>controls/electric/battery-switch</property>
    </condition>
    <emission>
      <factor-prop>controls/lighting/instruments-norm</factor-prop>
      <red>   0.50 </red>
      <green> 0.40 </green>
      <blue>  0.30 </blue>
    </emission>
  </animation>

  <animation>
    <type>rotate</type>
    <object-name>rpm-Needle1</object-name>
    <property>engines/engine[0]/n1</property>
    <interpolation>
      <entry><ind>   0 </ind><dep>   0 </dep></entry>
      <entry><ind> 100 </ind><dep> 270 </dep></entry>
    </interpolation>
    <axis>
      <x> -1 </x>
      <y>  0 </y>
      <z>  0 </z>
    </axis>
  </animation>

  <animation>
    <type>rotate</type>
    <object-name>rpm-Needle2</object-name>
    <property>engines/engine[0]/n1</property>
    <factor> 36 </factor>
    <center>
      <x-m>  0.0000 </x-m>
      <y-m> -0.0096 </y-m>
      <z-m>  0.0096 </z-m>
    </center>
    <axis>
      <x> -1 </x>
      <y>  0 </y>
      <z>  0 </z>
    </axis>
  </animation>

</PropertyList>
