<?xml version="1.0" encoding="ISO-8859-1"?>

<PropertyList>

  <path>fuel.ac</path>

  <animation>
    <object-name>fond</object-name>
    <object-name>face</object-name>
    <object-name>needle1</object-name>
    <object-name>U-F</object-name>
    <object-name>DU-F</object-name>
    <object-name>CU-F</object-name>
    <object-name>MU-F</object-name>

    <object-name>vitre</object-name>
  </animation>

  <animation>
    <type>noshadow</type>
    <object-name>fond</object-name>
    <object-name>face</object-name>
    <object-name>needle1</object-name>
    <object-name>U-F</object-name>
    <object-name>DU-F</object-name>
    <object-name>CU-F</object-name>
    <object-name>MU-F</object-name>
    <object-name>vitre</object-name>
  </animation>

  <!-- working for Compositor -->
  <effect>
    <inherits-from>../../../../Effects/Glass/glass</inherits-from>
    <object-name>vitre</object-name>
  </effect>

  <animation>
    <type>material</type>
    <object-name>face</object-name>
    <object-name>needle1</object-name>
    <object-name>U-F</object-name>
    <object-name>DU-F</object-name>
    <object-name>CU-F</object-name>
    <object-name>MU-F</object-name>
    <condition>
      <property>controls/electric/battery-switch</property>
    </condition>
    <emission>
      <factor-prop>controls/lighting/instruments-norm</factor-prop>
      <red>   0.50 </red>
      <green> 0.40 </green>
      <blue>  0.30 </blue>
    </emission>
  </animation>

  <animation>
    <type>rotate</type>
    <object-name>needle1</object-name>
    <property>consumables/fuel/total-fuel-norm</property>
    <interpolation>
      <entry><ind> 0 </ind><dep>   0 </dep></entry>
      <entry><ind> 1 </ind><dep> 210 </dep></entry>
    </interpolation>
    <axis>
      <x> -1 </x>
      <y>  0 </y>
      <z>  0 </z>
    </axis>
  </animation>

  <animation>
    <type>textranslate</type>
    <object-name>U-F</object-name>
    <property>consumables/fuel/total-fuel-kg</property>
    <factor> 0.1 </factor>
    <axis>
      <x> 0 </x>
      <y> 1 </y>
      <z> 0 </z>
    </axis>
  </animation>

  <animation>
    <type>textranslate</type>
    <object-name>DU-F</object-name>
    <property>consumables/fuel/total-fuel-kg</property>
    <factor> 0.01 </factor>
    <step>  10 </step>
    <scroll> 1 </scroll>
    <axis>
      <x> 0 </x>
      <y> 1 </y>
      <z> 0 </z>
    </axis>
  </animation>

  <animation>
    <type>textranslate</type>
    <object-name>CU-F</object-name>
    <property>consumables/fuel/total-fuel-kg</property>
    <factor> 0.001 </factor>
    <step> 100 </step>
    <scroll> 1 </scroll>
    <axis>
      <x> 0 </x>
      <y> 1 </y>
      <z> 0 </z>
    </axis>
  </animation>

  <animation>
    <type>textranslate</type>
    <object-name>MU-F</object-name>
    <property>consumables/fuel/total-fuel-kg</property>
    <factor>  0.0001 </factor>
    <step> 1000 </step>
    <scroll>  1 </scroll>
    <axis>
      <x> 0 </x>
      <y> 1 </y>
      <z> 0 </z>
    </axis>
  </animation>

</PropertyList>
