<?xml version="1.0" encoding="ISO-8859-1"?>

<PropertyList>

  <path>panel.ac</path>

  <animation>
    <object-name>planchet</object-name>
    <object-name>console</object-name>
    <object-name>console2</object-name>
    <object-name>RearCushionL</object-name>
    <object-name>SeatCushionL</object-name>
    <object-name>RearCushionR</object-name>
    <object-name>SeatCushionR</object-name>
    <object-name>GlareShieldOuter</object-name>
    <object-name>PanelL</object-name>
    <object-name>PanelR</object-name>
    <object-name>PanelControls</object-name>
    <object-name>TempParking</object-name>
    <object-name>StickL</object-name>
    <object-name>GripL</object-name>
    <object-name>StickR</object-name>
    <object-name>GripR</object-name>
    <object-name>poignees</object-name>
    <object-name>FuelCock</object-name>
    <object-name>TrimIndicator</object-name>
    <object-name>ThrotCovPlate</object-name>
    <object-name>screws</object-name>
    <object-name>MixtureGateHousing</object-name>
    <object-name>MixtureGate</object-name>
    <object-name>MixLever</object-name>
    <object-name>MixCap</object-name>
    <object-name>PropLever</object-name>
    <object-name>PropCap</object-name>
    <object-name>ThrottleLever</object-name>
    <object-name>ThrottleCap</object-name>
    <object-name>TrimWheel</object-name>
    <object-name>ThrottleFriction</object-name>
    <object-name>TankSelect</object-name>
    <object-name>BlowerLever</object-name>
    <object-name>TempLever</object-name>
    <object-name>BrakeLever</object-name>
    <object-name>background</object-name>
    <object-name>FlapSwitch</object-name>
    <object-name>AlternAir</object-name>
    <object-name>Blank</object-name>
    <object-name>FlapIndicator</object-name>
    <object-name>altstatic</object-name>
    <object-name>bouton</object-name>
    <object-name>GPSSocket</object-name>
    <object-name>supportfusibles</object-name>
    <object-name>BEssBusS</object-name>
    <object-name>BEssBus</object-name>
    <object-name>BMainBusS</object-name>
    <object-name>BMainBus</object-name>
    <object-name>BGenS</object-name>
    <object-name>BGen</object-name>
    <object-name>BAvionicRelayS</object-name>
    <object-name>BAvionicRelay</object-name>
    <object-name>BFlapsS</object-name>
    <object-name>BFlaps</object-name>
    <object-name>BLoVoltWarningS</object-name>
    <object-name>BLoVoltWarning</object-name>
    <object-name>BTandSS</object-name>
    <object-name>BTandS</object-name>
    <object-name>BFuelLoLevS</object-name>
    <object-name>BFuelLoLev</object-name>
    <object-name>BAttIndic1S</object-name>
    <object-name>BAttIndic1</object-name>
    <object-name>BStallWarningS</object-name>
    <object-name>BStallWarning</object-name>
    <object-name>BLandLightS</object-name>
    <object-name>BLandLight</object-name>
    <object-name>BMapLightS</object-name>
    <object-name>BMapLight</object-name>
    <object-name>BNavLightsS</object-name>
    <object-name>BNavLights</object-name>
    <object-name>BEngInstr1S</object-name>
    <object-name>BEngInstr1</object-name>
    <object-name>BInstrLightsS</object-name>
    <object-name>BInstrLights</object-name>
    <object-name>BRPMIndS</object-name>
    <object-name>BRPMInd</object-name>
    <object-name>BAvionicBus2S</object-name>
    <object-name>BAvionicBus2</object-name>
    <object-name>BDMES</object-name>
    <object-name>BDME</object-name>
    <object-name>BAudioMarkerS</object-name>
    <object-name>BAudioMarker</object-name>
    <object-name>BAttIndic2S</object-name>
    <object-name>BAttIndic2</object-name>
    <object-name>BGPSS</object-name>
    <object-name>BGPS</object-name>
    <object-name>BCom2Nav2S</object-name>
    <object-name>BCom2Nav2</object-name>
    <object-name>BAvionicBlowerS</object-name>
    <object-name>BAvionicBlower</object-name>
    <object-name>BPitotHeatS</object-name>
    <object-name>BPitotHeat</object-name>
    <object-name>BFuelPumpS</object-name>
    <object-name>BFuelPump</object-name>
    <object-name>BEngInstr2S</object-name>
    <object-name>BEngInstr2</object-name>
    <object-name>BStrobeWhiteS</object-name>
    <object-name>BStrobeWhite</object-name>
    <object-name>BStrobeRedS</object-name>
    <object-name>BStrobeRed</object-name>
    <object-name>BPanelLightsS</object-name>
    <object-name>BPanelLights</object-name>
    <object-name>BStartCtrlS</object-name>
    <object-name>BStartCtrl</object-name>
    <object-name>BGenCtrlS</object-name>
    <object-name>BGenCtrl</object-name>

    <object-name>TempUp</object-name>
    <object-name>BlowerUp</object-name>
    <object-name>TempDn</object-name>
    <object-name>BlowerDn</object-name>
    <object-name>ParkBrakeOn</object-name>
    <object-name>ParkBrakeOff</object-name>
    <object-name>ThrottleUp</object-name>
    <object-name>PropUp</object-name>
    <object-name>MixtureUp</object-name>
    <object-name>FlapsFull</object-name>
    <object-name>FlapsLand</object-name>
    <object-name>FlapsTO</object-name>
    <object-name>FlapsUp</object-name>
    <object-name>ThrottleDn</object-name>
    <object-name>PropDn</object-name>
    <object-name>MixtureDn</object-name>
    <object-name>TrimDn</object-name>
    <object-name>TrimUp</object-name>
    <object-name>TankLeft</object-name>
    <object-name>TankBoth</object-name>
    <object-name>TankRight</object-name>
  </animation>

  <animation>
    <type>material</type>
    <object-name>PanelL</object-name>
    <object-name>PanelC</object-name>
    <object-name>PanelR</object-name>
    <object-name>GlareShieldInner</object-name>
    <object-name>PanelControls</object-name>
    <object-name>GPSSocket</object-name>
    <object-name>BAttIndic1</object-name>
    <object-name>BAttIndic1S</object-name>
    <object-name>BAttIndic2</object-name>
    <object-name>BAttIndic2S</object-name>
    <object-name>BAudioMarker</object-name>
    <object-name>BAudioMarkerS</object-name>
    <object-name>BAvionicBlower</object-name>
    <object-name>BAvionicBlowerS</object-name>
    <object-name>BAvionicBus2</object-name>
    <object-name>BAvionicBus2S</object-name>
    <object-name>BAvionicRelay</object-name>
    <object-name>BAvionicRelayS</object-name>
    <object-name>BCom2Nav2</object-name>
    <object-name>BCom2Nav2S</object-name>
    <object-name>BDME</object-name>
    <object-name>BDMES</object-name>
    <object-name>BEngInstr1</object-name>
    <object-name>BEngInstr1S</object-name>
    <object-name>BEngInstr2</object-name>
    <object-name>BEngInstr2S</object-name>
    <object-name>BEssBus</object-name>
    <object-name>BEssBusS</object-name>
    <object-name>BFlaps</object-name>
    <object-name>BFlapsS</object-name>
    <object-name>BFuelLoLev</object-name>
    <object-name>BFuelLoLevS</object-name>
    <object-name>BFuelPump</object-name>
    <object-name>BFuelPumpS</object-name>
    <object-name>BGPS</object-name>
    <object-name>BGPSS</object-name>
    <object-name>BGen</object-name>
    <object-name>BGenCtrl</object-name>
    <object-name>BGenCtrlS</object-name>
    <object-name>BGenS</object-name>
    <object-name>BInstrLights</object-name>
    <object-name>BInstrLightsS</object-name>
    <object-name>BLandLight</object-name>
    <object-name>BLandLightS</object-name>
    <object-name>BLoVoltWarning</object-name>
    <object-name>BLoVoltWarningS</object-name>
    <object-name>BMainBus</object-name>
    <object-name>BMainBusS</object-name>
    <object-name>BMapLight</object-name>
    <object-name>BMapLightS</object-name>
    <object-name>BNavLights</object-name>
    <object-name>BNavLightsS</object-name>
    <object-name>BPanelLights</object-name>
    <object-name>BPanelLightsS</object-name>
    <object-name>BPitotHeat</object-name>
    <object-name>BPitotHeatS</object-name>
    <object-name>BRPMInd</object-name>
    <object-name>BRPMIndS</object-name>
    <object-name>BStallWarning</object-name>
    <object-name>BStallWarningS</object-name>
    <object-name>BStartCtrl</object-name>
    <object-name>BStartCtrlS</object-name>
    <object-name>BStrobeRed</object-name>
    <object-name>BStrobeRedS</object-name>
    <object-name>BStrobeWhite</object-name>
    <object-name>BStrobeWhiteS</object-name>
    <object-name>BTandS</object-name>
    <object-name>BTandSS</object-name>
    <object-name>Blank</object-name>
    <object-name>Blank.001</object-name>
    <object-name>BlowerLever</object-name>
    <object-name>TempLever</object-name>
    <object-name>BrakeLever</object-name>
    <emission>
      <red>   0.5 </red>
      <green> 0.1 </green>
      <blue>  0.0 </blue>
      <factor-prop>/controls/lighting/panel-norm</factor-prop>
    </emission>
  </animation>

  <animation>
    <type>rotate</type>
    <object-name>ThrottleLever</object-name>
    <object-name>ThrottleCap</object-name>
    <property>controls/engines/engine[0]/throttle</property>
    <min-deg>-70</min-deg>
    <max-deg>0</max-deg>
    <factor>-70</factor>
    <center>
      <x-m>  0.20 </x-m>
      <y-m> -0.06 </y-m>
      <z-m> -0.19 </z-m>
    </center>
    <axis>
      <x> 0 </x>
      <y> 1 </y>
      <z> 0 </z>
    </axis>
  </animation>

  <animation>
    <type>pick</type>
    <visible>false</visible>
    <object-name>ThrottleUp</object-name>
    <action>
      <button>0</button>
      <repeatable>true</repeatable>
      <binding>
        <command>property-adjust</command>
        <property>/controls/engines/engine[0]/throttle</property>
        <step type="double">0.05</step>
      </binding>
    </action>
  </animation>

  <animation>
    <type>pick</type>
    <visible>false</visible>
    <object-name>ThrottleDn</object-name>
    <action>
      <button>0</button>
      <repeatable>true</repeatable>
      <binding>
        <command>property-adjust</command>
        <property>/controls/engines/engine[0]/throttle</property>
        <step type="double">-0.05</step>
      </binding>
    </action>
  </animation>

  <animation>
    <type>rotate</type>
    <object-name>PropLever</object-name>
    <object-name>PropCap</object-name>
    <property>controls/engines/engine[0]/propeller-pitch</property>
    <min-deg> -70 </min-deg>
    <max-deg>   0 </max-deg>
    <factor> -70 </factor>
    <center>
      <x-m>  0.20 </x-m>
      <y-m> -0.06 </y-m>
      <z-m> -0.19 </z-m>
    </center>
    <axis>
      <x> 0 </x>
      <y> 1 </y>
      <z> 0 </z>
    </axis>
  </animation>

  <animation>
    <type>pick</type>
    <visible>false</visible>
    <object-name>PropUp</object-name>
    <action>
      <button>0</button>
      <repeatable>true</repeatable>
      <binding>
        <command>property-adjust</command>
        <property>/controls/engines/engine[0]/propeller-pitch</property>
        <step type="double">0.05</step>
      </binding>
    </action>
  </animation>

  <animation>
    <type>pick</type>
    <visible>false</visible>
    <object-name>PropDn</object-name>
    <action>
      <button>0</button>
      <repeatable>true</repeatable>
      <binding>
        <command>property-adjust</command>
        <property>/controls/engines/engine[0]/propeller-pitch</property>
        <step type="double">-0.05</step>
      </binding>
    </action>
  </animation>

  <animation>
    <type>rotate</type>
    <object-name>MixLever</object-name>
    <object-name>MixCap</object-name>
    <property>controls/engines/engine[0]/mixture</property>
    <min-deg> -70 </min-deg>
    <max-deg>   0 </max-deg>
    <factor>  -70 </factor>
    <center>
      <x-m>  0.20 </x-m>
      <y-m> -0.06 </y-m>
      <z-m> -0.19 </z-m>
    </center>
    <axis>
      <x> 0 </x>
      <y> 1 </y>
      <z> 0 </z>
    </axis>
  </animation>

  <animation>
    <type>pick</type>
    <visible>false</visible>
    <object-name>MixtureUp</object-name>
    <action>
      <button>0</button>
      <repeatable>true</repeatable>
      <binding>
        <command>property-adjust</command>
        <property>/controls/engines/engine[0]/mixture</property>
        <step type="double">0.05</step>
      </binding>
    </action>
  </animation>

  <animation>
    <type>pick</type>
    <visible>false</visible>
    <object-name>MixtureDn</object-name>
    <action>
      <button>0</button>
      <repeatable>true</repeatable>
      <binding>
        <command>property-adjust</command>
        <property>/controls/engines/engine[0]/mixture</property>
        <step type="double">-0.05</step>
      </binding>          
    </action>
  </animation>

  <animation> 
    <type>translate</type>
    <object-name>MixtureGate</object-name>
    <property>controls/engines/engine[0]/mixturegate</property>
    <factor> 0.006 </factor>
    <axis>
      <x> 0 </x>
      <y> 1 </y>
      <z> 0 </z>
    </axis>
  </animation>

  <animation>
   <type>pick</type>
   <visible>true</visible>
   <object-name>MixtureGate</object-name>
   <action>
     <button>0</button>
     <repeatable>false</repeatable>
     <binding>
       <command>property-toggle</command>
       <property>/controls/engines/engine[0]/mixturegate</property>
       <value type="bool">true</value>
     </binding>          
    </action>
  </animation>

  <animation> 
    <type>translate</type> 
    <object-name>TrimIndicator</object-name>
    <property>controls/flight/elevator-trim</property>
    <factor>0.03</factor>
    <axis>
     <x>-0.06</x>
     <y>0</y>
     <z>0.0175</z>
    </axis>
  </animation>

  <animation>
    <type>pick</type>
    <visible>false</visible>
    <object-name>TrimUp</object-name>
    <action>
     <button>0</button>
     <repeatable>true</repeatable>
     <binding>
       <command>property-adjust</command>
       <property>/controls/flight/elevator-trim</property>
       <step type="double">-0.05</step>
     </binding>          
    </action>
  </animation>
                                    
  <animation>
    <type>pick</type>
    <visible>false</visible>
    <object-name>TrimDn</object-name>
    <action>
     <button>0</button>
     <repeatable>true</repeatable>
     <binding>
       <command>property-adjust</command>
       <property>/controls/flight/elevator-trim</property>
       <step type="double">0.05</step>
     </binding>          
    </action>
  </animation>

  <animation>
    <type>rotate</type>
    <object-name>TankSelect</object-name>
    <property>controls/fuel/switch-position</property>
    <factor>90</factor>
    <offset>0</offset>
    <center>
     <x-m> 0.20 </x-m>
     <y-m> 0.00 </y-m>
     <z-m> 0.06 </z-m>
    </center>
    <axis>
     <x> -0.005587 </x>
     <y>  0.000000 </y>
     <z> -0.019204 </z>
    </axis>
  </animation>
                                                                
 <animation>
  <type>pick</type>
  <visible>false</visible>
  <object-name>TankLeft</object-name>
  <action>
   <button>0</button>
   <repeatable>false</repeatable>
   <binding>
     <command>property-assign</command>
     <property>/controls/fuel/switch-position</property>
     <value type="int">1</value>
   </binding>          
  </action>
 </animation>

 <animation>
  <type>pick</type>
  <visible>false</visible>
  <object-name>TankBoth</object-name>
  <action>
   <button>0</button>
   <repeatable>false</repeatable>
   <binding>
     <command>property-assign</command>
     <property>/controls/fuel/switch-position</property>
     <value type="int">2</value>
   </binding>          
  </action>
 </animation>

 <animation>
  <type>pick</type>
  <visible>false</visible>
  <object-name>TankRight</object-name>
  <action>
   <button>0</button>
   <repeatable>false</repeatable>
   <binding>
     <command>property-assign</command>
     <property>/controls/fuel/switch-position</property>
     <value type="int">3</value>
   </binding>          
  </action>
 </animation>

 <animation>
  <type>rotate</type>
  <object-name>StickL</object-name>
  <object-name>GripL</object-name>
  <property>controls/flight/aileron</property>
  <factor>-25</factor>
  <center>
   <x-m>0</x-m>
   <y-m>-0.28</y-m>
   <z-m>-0.325</z-m>
  </center>
  <axis>
   <x>1</x>
   <y>0</y>
   <z>0</z>
  </axis>
 </animation>

 <animation>
  <type>rotate</type>
  <object-name>StickR</object-name>
  <object-name>GripR</object-name>
  <property>controls/flight/aileron</property>
  <factor>-25</factor>
  <center>
   <x-m>0</x-m>
   <y-m>0.28</y-m>
   <z-m>-0.325</z-m>
  </center>
  <axis>
   <x>1</x>
   <y>0</y>
   <z>0</z>
  </axis>
 </animation>

 <animation>
   <type>rotate</type>
   <object-name>StickL</object-name>
   <object-name>GripL</object-name>
   <property>controls/flight/elevator</property>
   <factor>-25</factor>
  <center>
   <x-m>0.45</x-m>
   <y-m>0</y-m>
   <z-m>-0.325</z-m>
  </center>
  <axis>
   <x>0</x>
   <y>1</y>
   <z>0</z>
  </axis>
 </animation>

 <animation>
  <type>rotate</type>
  <object-name>StickR</object-name>
  <object-name>GripR</object-name>
  <property>controls/flight/elevator</property>
  <factor>-25</factor>
  <center>
   <x-m>0.45</x-m>
   <y-m>0</y-m>
   <z-m>-0.325</z-m>
  </center>
  <axis>
   <x>0</x>
   <y>1</y>
   <z>0</z>
  </axis>
 </animation>

 <animation>
  <type>rotate</type>
  <object-name>BrakeLever</object-name>
  <property>controls/gear/brake-parking</property>
  <factor>45</factor>
  <center>
   <x-m>-0.06</x-m>
   <y-m>0.37</y-m>
   <z-m>0</z-m>
  </center>
  <axis>
   <x>0</x>
   <y>0</y>
   <z>-1</z>
  </axis>
 </animation>

 <animation>
  <type>pick</type>
  <visible>false</visible>
  <object-name>ParkBrakeOn</object-name>
  <action>
   <button>0</button>
   <repeatable>true</repeatable>
   <binding>
     <command>property-adjust</command>
     <property>/controls/gear/brake-parking</property>
     <step type="double">0.1</step>
   </binding>          
  </action>
 </animation>
                                    
 <animation>
  <type>pick</type>
  <visible>false</visible>
  <object-name>ParkBrakeOff</object-name>
  <action>
   <button>0</button>
   <repeatable>true</repeatable>
   <binding>
     <command>property-adjust</command>
     <property>/controls/gear/brake-parking</property>
     <step type="double">-0.1</step>
   </binding>          
  </action>
 </animation>

 <animation>
  <type>rotate</type>
  <object-name>BlowerLever</object-name>
  <property>controls/heater/blower</property>
  <factor>45</factor>
  <center>
   <x-m>-0.06</x-m>
   <y-m>-0.38</y-m>
   <z-m>0</z-m>
  </center>
  <axis>
   <x>0</x>
   <y>0</y>
   <z>-1</z>
  </axis>
 </animation>

 <animation>
  <type>pick</type>
  <visible>false</visible>
  <object-name>BlowerUp</object-name>
  <action>
   <button>0</button>
   <repeatable>true</repeatable>
   <binding>
     <command>property-adjust</command>
     <property>/controls/heater/blower</property>
     <step type="double">0.1</step>
     <min>0</min>
     <max>1</max>
   </binding>          
  </action>
 </animation>
                                    
 <animation>
  <type>pick</type>
  <visible>false</visible>
  <object-name>BlowerDn</object-name>
  <action>
   <button>0</button>
   <repeatable>true</repeatable>
   <binding>
     <command>property-adjust</command>
     <property>/controls/heater/blower</property>
     <step type="double">-0.1</step>
     <min>0</min>
     <max>1</max>
   </binding>          
  </action>
 </animation>
                                    
 <animation>
  <type>rotate</type>
  <object-name>TempLever</object-name>
  <property>controls/heater/temp</property>
  <factor>45</factor>
  <center>
   <x-m>-0.06</x-m>
   <y-m>-0.38</y-m>
   <z-m>0</z-m>
  </center>
  <axis>
   <x>0</x>
   <y>0</y>
   <z>-1</z>
  </axis>
 </animation>

 <animation>
  <type>pick</type>
  <visible>false</visible>
  <object-name>TempUp</object-name>
  <action>
   <button>0</button>
   <repeatable>true</repeatable>
   <binding>
     <command>property-adjust</command>
     <property>/controls/heater/temp</property>
     <step type="double">0.1</step>
     <min>0</min>
     <max>1</max>
   </binding>          
  </action>
 </animation>
                                    
 <animation>
  <type>pick</type>
  <visible>false</visible>
  <object-name>TempDn</object-name>
  <action>
   <button>0</button>
   <repeatable>true</repeatable>
   <binding>
     <command>property-adjust</command>
     <property>/controls/heater/temp</property>
     <step type="double">-0.1</step>
     <min>0</min>
     <max>1</max>
   </binding>          
  </action>
 </animation>

 <animation>
  <type>rotate</type>
  <object-name>FlapIndicator</object-name>
  <property>surface-positions/flap-pos-norm</property>
  <factor>30</factor>
  <center>
   <x-m>-0.01</x-m>
   <y-m>0</y-m>
   <z-m>-0.11</z-m>
  </center>
  <axis>
   <x>0</x>
   <y>1</y>
   <z>0</z>
  </axis>
 </animation>

 <animation>
  <type>rotate</type>
  <object-name>FlapSwitch</object-name>
  <property>controls/flight/flaps</property>
  <factor>30</factor>
  <center>
   <x-m>-0.01</x-m>
   <y-m>0</y-m>
   <z-m>-0.11</z-m>
  </center>
  <axis>
   <x>0</x>
   <y>1</y>
   <z>0</z>
  </axis>
 </animation>

 <animation>
  <type>pick</type>
  <visible>false</visible>
  <object-name>FlapsUp</object-name>
  <action>
   <button>0</button>
   <repeatable>true</repeatable>
   <binding>
     <command>property-assign</command>
     <property>/controls/flight/flaps</property>
     <value type="double">0.0</value>
   </binding>          
  </action>
 </animation>
                                    
  <animation>
    <type>pick</type>
    <visible>false</visible>
    <object-name>FlapsTO</object-name>
    <action>
      <button>0</button>
      <repeatable>true</repeatable>
      <binding>
        <command>property-assign</command>
        <property>/controls/flight/flaps</property>
        <value type="double">0.25</value>
      </binding>          
    </action>
  </animation>

  <animation>
    <type>pick</type>
    <visible>false</visible>
    <object-name>FlapsLand</object-name>
    <action>
      <button>0</button>
      <repeatable>true</repeatable>
      <binding>
        <command>property-assign</command>
        <property>/controls/flight/flaps</property>
        <value type="double">0.75</value>
      </binding>          
    </action>
  </animation>
                                    
  <animation>
    <type>pick</type>
    <visible>false</visible>
    <object-name>FlapsFull</object-name>
    <action>
      <button>0</button>
      <repeatable>true</repeatable>
      <binding>
        <command>property-assign</command>
        <property>/controls/flight/flaps</property>
        <value type="double">1.0</value>
      </binding>          
    </action>
  </animation>

  <animation>
    <type>pick</type>
    <visible>true</visible>
    <object-name>AlternAir</object-name>
    <action>
      <button>0</button>
      <repeatable>false</repeatable>
      <binding>
        <command>property-toggle</command>
        <property>/controls/anti-ice/carb-heat</property>
      </binding>          
    </action>
  </animation>

  <animation>
    <type>translate</type>
    <visible>true</visible>
    <object-name>AlternAir</object-name>
    <property>/controls/anti-ice/carb-heat</property>
    <factor>0.01</factor>
    <axis>
      <x> 1.7 </x>
      <y> 0.0 </y>
      <z> 1.0 </z>
    </axis>
  </animation>

  <animation>
    <type>rotate</type>
    <object-name>FuelCock</object-name>
    <property>controls/fuel/fuelcock</property>
    <factor>90</factor>
    <center>
      <x-m> 0.71 </x-m>
      <y-m> 0.00 </y-m>
      <z-m> 0.00 </z-m>
    </center>
    <axis>
      <x> 0 </x>
      <y> 0 </y>
      <z> 1 </z>
    </axis>
  </animation>

  <animation>
    <type>pick</type>
    <visible>true</visible>
    <object-name>FuelCock</object-name>
    <action>
      <button>0</button>
      <repeatable>false</repeatable>
      <binding>
        <command>property-toggle</command>
        <property>/controls/fuel/fuelcock</property>
      </binding>          
    </action>
  </animation>

  <model>
    <name>Compass</name>
    <path>Aircraft/Grob-G115/Models/Interior/Panel/Instruments/MagneticCompass/MagneticCompass.xml</path>
    <offsets>
      <x-m>  0.010 </x-m>
      <y-m> -0.015 </y-m>
      <z-m>  0.275 </z-m>
    </offsets>
  </model>

  <model>
    <name>WarningPanel</name>
    <path>Aircraft/Grob-G115/Models/Interior/Panel/Instruments/WarningPanel/WarningPanel.xml</path>
    <offsets>
      <x-m>  0.030 </x-m>
      <y-m> -0.015 </y-m>
      <z-m>  0.263 </z-m>
    </offsets>
  </model>

  <model>
    <name>ALT1</name>
    <path>Aircraft/Grob-G115/Models/Interior/Panel/Instruments/Altimeter/Altimeter.xml</path>
    <offsets>
      <x-m> 0.000 </x-m>
      <y-m> 0.395 </y-m>
      <z-m> 0.177 </z-m>
    </offsets>
  </model>

  <model>
    <name>AI1</name>
    <path>Aircraft/Grob-G115/Models/Interior/Panel/Instruments/AI/AI.xml</path>
    <offsets>
      <x-m>  0.000 </x-m>
      <y-m> -0.245 </y-m>
      <z-m>  0.177 </z-m>
    </offsets>
  </model>

  <model>
    <name>GPS</name>
    <path>Aircraft/Instruments-3d/zkv500/ZKV500.xml</path>
    <offsets>
      <x-m>  0.000 </x-m>
      <y-m> -0.155 </y-m>
      <z-m>  0.177 </z-m>
    </offsets>
  </model>

  <model>
    <name>ENG</name>
    <path>Aircraft/Grob-G115/Models/Interior/Panel/Instruments/MPFuel/MPFuel.xml</path>
    <offsets>
      <x-m> 0.000 </x-m>
      <y-m> 0.125 </y-m>
      <z-m> 0.177 </z-m>
    </offsets>
  </model>

  <model>
    <name>ASI</name>
    <path>Aircraft/Grob-G115/Models/Interior/Panel/Instruments/ASI/ASI.xml</path>
    <offsets>
      <x-m> 0.000 </x-m>
      <y-m> 0.215 </y-m>
      <z-m> 0.177 </z-m>
    </offsets>
  </model>

  <model>
    <name>AI2</name>
    <path>Aircraft/Grob-G115/Models/Interior/Panel/Instruments/AI/AI.xml</path>
    <offsets>
      <x-m> 0.000 </x-m>
      <y-m> 0.305 </y-m>
      <z-m> 0.177 </z-m>
    </offsets>
  </model>

  <model>
    <name>ALT2</name>
    <path>Aircraft/Grob-G115/Models/Interior/Panel/Instruments/Altimeter/Altimeter.xml</path>
    <offsets>
      <x-m>  0.000 </x-m>
      <y-m> -0.335 </y-m>
      <z-m>  0.177 </z-m>
    </offsets>
  </model>

  <model>
    <name>KI204</name>
    <path>Aircraft/Grob-G115/Models/Interior/Panel/Instruments/KI204/KI204.xml</path>
    <offsets>
      <x-m>  0.000 </x-m>
      <y-m> -0.155 </y-m>
      <z-m>  0.087 </z-m>
    </offsets>
  </model>
 
  <model>
    <name>RPM</name>
    <path>Aircraft/Grob-G115/Models/Interior/Panel/Instruments/RPM/RPM.xml</path>
    <offsets>
      <x-m> 0.000 </x-m>
      <y-m> 0.125 </y-m>
      <z-m> 0.087 </z-m>
    </offsets>
  </model>
 
  <model>
    <name>Slip/Turn</name>
    <path>Aircraft/Grob-G115/Models/Interior/Panel/Instruments/Turn/Turn.xml</path>
    <offsets>
      <x-m> 0.000 </x-m>
      <y-m> 0.215 </y-m>
      <z-m> 0.087 </z-m>
    </offsets>
  </model>

  <model>
    <name>KI525A</name>
    <path>Aircraft/Grob-G115/Models/Interior/Panel/Instruments/kcs55/ki525a.xml</path>
    <offsets>
      <x-m> 0.002 </x-m>
      <y-m> 0.305 </y-m>
      <z-m> 0.087 </z-m>
    </offsets>
  </model>

  <model>
    <name>VSI</name>
    <path>Aircraft/Grob-G115/Models/Interior/Panel/Instruments/VSI/VSI.xml</path>
    <offsets>
      <x-m> 0.000 </x-m>
      <y-m> 0.395 </y-m>
      <z-m> 0.087 </z-m>
    </offsets>
  </model>

  <model>
    <name>EGT</name>
    <path>Aircraft/Grob-G115/Models/Interior/Panel/Instruments/EGT-OAT/EGT-OAT.xml</path>
    <offsets>
      <x-m>  0.000 </x-m>
      <y-m> -0.354 </y-m>
      <z-m>  0.103 </z-m>
    </offsets>
  </model>

  <model>
    <name>OIL</name>
    <path>Aircraft/Grob-G115/Models/Interior/Panel/Instruments/OilGauge/OilGauge.xml</path>
    <offsets>
      <x-m>  0.000 </x-m>
      <y-m> -0.292 </y-m>
      <z-m>  0.103 </z-m>
    </offsets>
  </model>

  <model>
    <name>CHT</name>
    <path>Aircraft/Grob-G115/Models/Interior/Panel/Instruments/FP-CHT/FP-CHT.xml</path>
    <offsets>
      <x-m>  0.000 </x-m>
      <y-m> -0.230 </y-m>
      <z-m>  0.103 </z-m>
    </offsets>
  </model>

  <model>
    <name>BATT</name>
    <path>Aircraft/Grob-G115/Models/Interior/Panel/Instruments/BatteryGauge/BatteryGauge.xml</path>
    <offsets>
      <x-m>  0.000 </x-m>
      <y-m> -0.292 </y-m>
      <z-m>  0.041 </z-m>
    </offsets>
  </model>

  <model>
    <name>FUEL</name>
    <path>Aircraft/Grob-G115/Models/Interior/Panel/Instruments/FuelGauge/FuelGauge.xml</path>
    <offsets>
      <x-m>  0.000 </x-m>
      <y-m> -0.230 </y-m>
      <z-m>  0.041 </z-m>
    </offsets>
  </model>

  <model>
    <name>AudioPanel</name>
    <path>Aircraft/Grob-G115/Models/Interior/Panel/Instruments/KMA26/KMA26.xml</path>
    <offsets>
      <x-m>  0.000 </x-m>
      <y-m> -0.015 </y-m>
      <z-m>  0.206 </z-m>
    </offsets>
  </model>

  <model>
    <name>NavComm</name>
    <path>Aircraft/Grob-G115/Models/Interior/Panel/Instruments/KX155A/KX155A.xml</path>
    <offsets>
      <x-m>  0.000 </x-m>
      <y-m> -0.015 </y-m>
      <z-m>  0.153 </z-m>
    </offsets>
  </model>

  <model>
    <name>Nav</name>
    <path>Aircraft/Grob-G115/Models/Interior/Panel/Instruments/KN53/KN53.xml</path>
    <offsets>
      <x-m>  0.000 </x-m>
      <y-m> -0.015 </y-m>
      <z-m>  0.119 </z-m>
    </offsets>
  </model>

  <model>
    <name>Transponder</name>
    <path>Aircraft/Grob-G115/Models/Interior/Panel/Instruments/KT76A/KT76A.xml</path>
    <offsets>
      <x-m>  0.000 </x-m>
      <y-m> -0.015 </y-m>
      <z-m>  0.077 </z-m>
    </offsets>
  </model>

  <model>
    <name>UHF</name>
    <path>Aircraft/Grob-G115/Models/Interior/Panel/Instruments/UHFRadio/UHFRadio.xml</path>
    <offsets>
      <x-m>  0.0000 </x-m>
      <y-m> -0.0485 </y-m>
      <z-m>  0.0365 </z-m>
    </offsets>
  </model>
 
  <model>
    <name>G</name>
    <path>Aircraft/Grob-G115/Models/Interior/Panel/Instruments/GMeter/GMeter.xml</path>
    <offsets>
      <x-m> 0.000 </x-m>
      <y-m> 0.025 </y-m>
      <z-m> 0.036 </z-m>
    </offsets>
  </model>

  <model>
    <name>Switches</name>
    <path>Aircraft/Grob-G115/Models/Interior/Panel/Instruments/SwitchPanel/SwitchPanel.xml</path>
    <offsets>
      <x-m>  0.040 </x-m>
      <y-m> -0.030 </y-m>
      <z-m> -0.047 </z-m>
      <pitch-deg> -11.31 </pitch-deg>
    </offsets>
  </model>

  <model>
    <name>Switches1</name>
    <path>Aircraft/Grob-G115/Models/Interior/Panel/Instruments/kcs55/ka51b.xml</path>
    <offsets>
      <x-m> 0.001 </x-m>
      <y-m> 0.125 </y-m>
      <z-m> 0.020 </z-m>
      <roll-deg> 90 </roll-deg>
    </offsets>
  </model>

  <model>
    <name>DME</name>
    <path>Aircraft/Grob-G115/Models/Interior/Panel/Instruments/DME/DME.xml</path>
    <offsets>
      <x-m> 0.000 </x-m>
      <y-m> 0.305 </y-m>
      <z-m> 0.020 </z-m>
    </offsets>
  </model>

  <model>
    <name>ELT</name>
    <path>Aircraft/Grob-G115/Models/Interior/Panel/Instruments/ELT/ELT.xml</path>
    <offsets>
      <x-m> 0.000 </x-m>
      <y-m> 0.413 </y-m>
      <z-m> 0.020 </z-m>
    </offsets>
  </model>

  <model>
    <name>Clock</name>
    <path>Aircraft/Grob-G115/Models/Interior/Panel/Instruments/Clock/Clock.xml</path>
    <offsets>
      <x-m>  0.04 </x-m>
      <y-m>  0.27 </y-m>
      <z-m> -0.03 </z-m>
    </offsets>
  </model>

  <!-- Breakers -->
  <animation>
    <type>pick</type>
    <visible>true</visible>
    <object-name>BStartCtrl</object-name>
    <action>
      <button>0</button>
      <repeatable>false</repeatable>
      <binding>
        <command>property-toggle</command>
        <property>/controls/circuit-breakers/start-ctrl</property>
        <value type="bool">true</value>
      </binding>          
    </action>
  </animation>

  <animation>
    <type>translate</type>
    <object-name>BStartCtrl</object-name>
    <object-name>BStartCtrlS</object-name>
    <property>controls/circuit-breakers/start-ctrl</property>
    <factor>0.008</factor>
    <axis>
      <x> -1 </x>
      <y>  0 </y>
      <z>  0 </z>
    </axis>
  </animation>

  <animation>
    <type>pick</type>
    <visible>true</visible>
    <object-name>BGenCtrl</object-name>
    <action>
      <button>0</button>
      <repeatable>false</repeatable>
      <binding>
        <command>property-toggle</command>
        <property>/controls/circuit-breakers/gen-ctrl</property>
        <value type="bool">true</value>
      </binding>          
    </action>
  </animation>

  <animation>
    <type>translate</type>
    <object-name>BGenCtrl</object-name>
    <object-name>BGenCtrlS</object-name>
    <property>controls/circuit-breakers/gen-ctrl</property>
    <factor>0.008</factor>
    <axis>
      <x> -1 </x>
      <y>  0 </y>
      <z>  0 </z>
    </axis>
  </animation>

  <animation>
    <type>pick</type>
    <visible>true</visible>
    <object-name>BStrobeWhite</object-name>
    <action>
      <button>0</button>
      <repeatable>false</repeatable>
      <binding>
        <command>property-toggle</command>
        <property>/controls/circuit-breakers/strobe-white</property>
        <value type="bool">true</value>
      </binding>          
    </action>
  </animation>

  <animation>
    <type>translate</type>
    <object-name>BStrobeWhite</object-name>
    <object-name>BStrobeWhiteS</object-name>
    <property>controls/circuit-breakers/strobe-white</property>
    <factor>0.008</factor>
    <axis>
      <x> -1 </x>
      <y>  0 </y>
      <z>  0 </z>
    </axis>
  </animation>
                       
 <animation>
  <type>pick</type>
  <visible>true</visible>
  <object-name>BStrobeRed</object-name>
  <action>
   <button>0</button>
   <repeatable>false</repeatable>
   <binding>
     <command>property-toggle</command>
     <property>/controls/circuit-breakers/strobe-red</property>
     <value type="bool">true</value>
   </binding>          
  </action>
 </animation>

 <animation>
  <type>translate</type>
  <object-name>BStrobeRed</object-name>
  <object-name>BStrobeRedS</object-name>
  <property>controls/circuit-breakers/strobe-red</property>
  <factor>0.008</factor>
  <axis>
   <x>-1</x>
   <y>0</y>
   <z>0</z>
  </axis>
 </animation>

 <animation>
  <type>pick</type>
  <visible>true</visible>
  <object-name>BPanelLights</object-name>
  <action>
   <button>0</button>
   <repeatable>false</repeatable>
   <binding>
     <command>property-toggle</command>
     <property>/controls/circuit-breakers/panel-lights</property>
     <value type="bool">true</value>
   </binding>          
  </action>
 </animation>

 <animation>
  <type>translate</type>
  <object-name>BPanelLights</object-name>
  <object-name>BPanelLightsS</object-name>
  <property>controls/circuit-breakers/panel-lights</property>
  <factor>0.008</factor>
  <axis>
   <x>-1</x>
   <y>0</y>
   <z>0</z>
  </axis>
 </animation>

 <animation>
  <type>pick</type>
  <visible>true</visible>
  <object-name>BAvionicBlower</object-name>
  <action>
   <button>0</button>
   <repeatable>false</repeatable>
   <binding>
     <command>property-toggle</command>
     <property>/controls/circuit-breakers/avionic-blower</property>
     <value type="bool">true</value>
   </binding>          
  </action>
 </animation>

 <animation>
  <type>translate</type>
  <object-name>BAvionicBlower</object-name>
  <object-name>BAvionicBlowerS</object-name>
  <property>controls/circuit-breakers/avionic-blower</property>
  <factor>0.008</factor>
  <axis>
   <x>-1</x>
   <y>0</y>
   <z>0</z>
  </axis>
 </animation>

 <animation>
  <type>pick</type>
  <visible>true</visible>
  <object-name>BPitotHeat</object-name>
  <action>
   <button>0</button>
   <repeatable>false</repeatable>
   <binding>
     <command>property-toggle</command>
     <property>/controls/circuit-breakers/pitot-heat</property>
     <value type="bool">true</value>
   </binding>          
  </action>
 </animation>

 <animation>
  <type>translate</type>
  <object-name>BPitotHeat</object-name>
  <object-name>BPitotHeatS</object-name>
  <property>controls/circuit-breakers/pitot-heat</property>
  <factor>0.008</factor>
  <axis>
   <x>-1</x>
   <y>0</y>
   <z>0</z>
  </axis>
 </animation>

 <animation>
  <type>pick</type>
  <visible>true</visible>
  <object-name>BFuelPump</object-name>
  <action>
   <button>0</button>
   <repeatable>false</repeatable>
   <binding>
     <command>property-toggle</command>
     <property>/controls/circuit-breakers/fuel-pump</property>
     <value type="bool">true</value>
   </binding>          
  </action>
 </animation>

 <animation>
  <type>translate</type>
  <object-name>BFuelPump</object-name>
  <object-name>BFuelPumpS</object-name>
  <property>controls/circuit-breakers/fuel-pump</property>
  <factor>0.008</factor>
  <axis>
   <x>-1</x>
   <y>0</y>
   <z>0</z>
  </axis>
 </animation>

 <animation>
  <type>pick</type>
  <visible>true</visible>
  <object-name>BEngInstr2</object-name>
  <action>
   <button>0</button>
   <repeatable>false</repeatable>
   <binding>
     <command>property-toggle</command>
     <property>/controls/circuit-breakers/eng-instr-2</property>
     <value type="bool">true</value>
   </binding>          
  </action>
 </animation>

 <animation>
  <type>translate</type>
  <object-name>BEngInstr2</object-name>
  <object-name>BEngInstr2S</object-name>
  <property>controls/circuit-breakers/eng-instr-2</property>
  <factor>0.008</factor>
  <axis>
   <x>-1</x>
   <y>0</y>
   <z>0</z>
  </axis>
 </animation>

 <animation>
  <type>pick</type>
  <visible>true</visible>
  <object-name>BGPS</object-name>
  <action>
   <button>0</button>
   <repeatable>false</repeatable>
   <binding>
     <command>property-toggle</command>
     <property>/controls/circuit-breakers/gps</property>
     <value type="bool">true</value>
   </binding>
  </action>
 </animation>

 <animation>
  <type>translate</type>
  <object-name>BGPS</object-name>
  <object-name>BGPSS</object-name>
  <property>controls/circuit-breakers/gps</property>
  <factor>0.008</factor>
  <axis>
   <x>-1</x>
   <y>0</y>
   <z>0</z>
  </axis>
 </animation>


 <animation>
  <type>pick</type>
  <visible>true</visible>
  <object-name>BCom2Nav2</object-name>
  <action>
   <button>0</button>
   <repeatable>false</repeatable>
   <binding>
     <command>property-toggle</command>
     <property>/controls/circuit-breakers/com2-nav2</property>
     <value type="bool">true</value>
   </binding>          
  </action>
 </animation>

 <animation>
  <type>translate</type>
  <object-name>BCom2Nav2</object-name>
  <object-name>BCom2Nav2S</object-name>
  <property>controls/circuit-breakers/com2-nav2</property>
  <factor>0.008</factor>
  <axis>
   <x>-1</x>
   <y>0</y>
   <z>0</z>
  </axis>
 </animation>

 <animation>
  <type>pick</type>
  <visible>true</visible>
  <object-name>BAvionicBus2</object-name>
  <action>
   <button>0</button>
   <repeatable>false</repeatable>
   <binding>
     <command>property-toggle</command>
     <property>/controls/circuit-breakers/avionic-bus-2</property>
     <value type="bool">true</value>
   </binding>          
  </action>
 </animation>

 <animation>
  <type>translate</type>
  <object-name>BAvionicBus2</object-name>
  <object-name>BAvionicBus2S</object-name>
  <property>controls/circuit-breakers/avionic-bus-2</property>
  <factor>0.008</factor>
  <axis>
   <x>-1</x>
   <y>0</y>
   <z>0</z>
  </axis>
 </animation>

 <animation>
  <type>pick</type>
  <visible>true</visible>
  <object-name>BDME</object-name>
  <action>
   <button>0</button>
   <repeatable>false</repeatable>
   <binding>
     <command>property-toggle</command>
     <property>/controls/circuit-breakers/dme</property>
     <value type="bool">true</value>
   </binding>          
  </action>
 </animation>

 <animation>
  <type>translate</type>
  <object-name>BDME</object-name>
  <object-name>BDMES</object-name>
  <property>controls/circuit-breakers/dme</property>
  <factor>0.008</factor>
  <axis>
   <x>-1</x>
   <y>0</y>
   <z>0</z>
  </axis>
 </animation>
 
 <animation>
  <type>pick</type>
  <visible>true</visible>
  <object-name>BAudioMarker</object-name>
  <action>
   <button>0</button>
   <repeatable>false</repeatable>
   <binding>
     <command>property-toggle</command>
     <property>/controls/circuit-breakers/audio-marker</property>
     <value type="bool">true</value>
   </binding>          
  </action>
 </animation>

 <animation>
  <type>translate</type>
  <object-name>BAudioMarker</object-name>
  <object-name>BAudioMarkerS</object-name>
  <property>controls/circuit-breakers/audio-marker</property>
  <factor>0.008</factor>
  <axis>
   <x>-1</x>
   <y>0</y>
   <z>0</z>
  </axis>
 </animation>

 <animation>
  <type>pick</type>
  <visible>true</visible>
  <object-name>BAttIndic2</object-name>
  <action>
   <button>0</button>
   <repeatable>false</repeatable>
   <binding>
     <command>property-toggle</command>
     <property>/controls/circuit-breakers/att-indic-2</property>
     <value type="bool">true</value>
   </binding>          
  </action>
 </animation>

 <animation>
  <type>translate</type>
  <object-name>BAttIndic2</object-name>
  <object-name>BAttIndic2S</object-name>
  <property>controls/circuit-breakers/att-indic-2</property>
  <factor>0.008</factor>
  <axis>
   <x>-1</x>
   <y>0</y>
   <z>0</z>
  </axis>
 </animation>

 <animation>
  <type>pick</type>
  <visible>true</visible>
  <object-name>BLandLight</object-name>
  <action>
   <button>0</button>
   <repeatable>false</repeatable>
   <binding>
     <command>property-toggle</command>
     <property>/controls/circuit-breakers/land-light</property>
     <value type="bool">true</value>
   </binding>          
  </action>
 </animation>

 <animation>
  <type>translate</type>
  <object-name>BLandLight</object-name>
  <object-name>BLandLightS</object-name>
  <property>controls/circuit-breakers/land-light</property>
  <factor>0.008</factor>
  <axis>
   <x>-1</x>
   <y>0</y>
   <z>0</z>
  </axis>
 </animation>

 <animation>
  <type>pick</type>
  <visible>true</visible>
  <object-name>BMapLight</object-name>
  <action>
   <button>0</button>
   <repeatable>false</repeatable>
   <binding>
     <command>property-toggle</command>
     <property>/controls/circuit-breakers/map-light</property>
     <value type="bool">true</value>
   </binding>          
  </action>
 </animation>

 <animation>
  <type>translate</type>
  <object-name>BMapLight</object-name>
  <object-name>BMapLightS</object-name>
  <property>controls/circuit-breakers/map-light</property>
  <factor>0.008</factor>
  <axis>
   <x>-1</x>
   <y>0</y>
   <z>0</z>
  </axis>
 </animation>

  <animation>
    <type>pick</type>
    <visible>true</visible>
    <object-name>BNavLights</object-name>
    <action>
      <button>0</button>
      <repeatable>false</repeatable>
      <binding>
        <command>property-toggle</command>
        <property>/controls/circuit-breakers/nav-lights</property>
        <value type="bool">true</value>
      </binding>          
    </action>
  </animation>

  <animation>
    <type>translate</type>
    <object-name>BNavLights</object-name>
    <object-name>BNavLightsS</object-name>
    <property>controls/circuit-breakers/nav-lights</property>
    <factor>0.008</factor>
    <axis>
      <x> -1 </x>
      <y>  0 </y>
      <z>  0 </z>
    </axis>
  </animation>

  <animation>
    <type>pick</type>
    <visible>true</visible>
    <object-name>BEngInstr1</object-name>
    <action>
      <button>0</button>
      <repeatable>false</repeatable>
      <binding>
        <command>property-toggle</command>
        <property>/controls/circuit-breakers/eng-instr-1</property>
        <value type="bool">true</value>
      </binding>          
    </action>
  </animation>

  <animation>
    <type>translate</type>
    <object-name>BEngInstr1</object-name>
    <object-name>BEngInstr1S</object-name>
    <property>controls/circuit-breakers/eng-instr-1</property>
    <factor>0.008</factor>
    <axis>
      <x> -1 </x>
      <y>  0 </y>
      <z>  0 </z>
    </axis>
  </animation>

  <animation>
    <type>pick</type>
    <visible>true</visible>
    <object-name>BInstrLights</object-name>
    <action>
      <button>0</button>
      <repeatable>false</repeatable>
      <binding>
        <command>property-toggle</command>
        <property>/controls/circuit-breakers/instr-lights</property>
        <value type="bool">true</value>
      </binding>          
    </action>
  </animation>

  <animation>
    <type>translate</type>
    <object-name>BInstrLights</object-name>
    <object-name>BInstrLightsS</object-name>
    <property>controls/circuit-breakers/instr-lights</property>
    <factor>0.008</factor>
    <axis>
      <x> -1 </x>
      <y>  0 </y>
      <z>  0 </z>
    </axis>
  </animation>

  <animation>
    <type>pick</type>
    <visible>true</visible>
    <object-name>BRPMInd</object-name>
    <action>
      <button>0</button>
      <repeatable>false</repeatable>
      <binding>
        <command>property-toggle</command>
        <property>/controls/circuit-breakers/rpm-ind</property>
        <value type="bool">true</value>
      </binding>          
    </action>
  </animation>

  <animation>
    <type>translate</type>
    <object-name>BRPMInd</object-name>
    <object-name>BRPMIndS</object-name>
    <property>controls/circuit-breakers/rpm-ind</property>
    <factor>0.008</factor>
    <axis>
      <x> -1 </x>
      <y>  0 </y>
      <z>  0 </z>
    </axis>
  </animation>

  <animation>
    <type>pick</type>
    <visible>true</visible>
    <object-name>BLoVoltWarning</object-name>
    <action>
      <button>0</button>
      <repeatable>false</repeatable>
      <binding>
        <command>property-toggle</command>
        <property>/controls/circuit-breakers/lo-volt-warning</property>
        <value type="bool">true</value>
      </binding>          
    </action>
  </animation>

  <animation>
    <type>translate</type>
    <object-name>BLoVoltWarning</object-name>
    <object-name>BLoVoltWarningS</object-name>
    <property>controls/circuit-breakers/lo-volt-warning</property>
    <factor>0.008</factor>
    <axis>
      <x> -1 </x>
      <y>  0 </y>
      <z>  0 </z>
    </axis>
  </animation>

  <animation>
    <type>pick</type>
    <visible>true</visible>
    <object-name>BTandS</object-name>
    <action>
      <button>0</button>
      <repeatable>false</repeatable>
      <binding>
        <command>property-toggle</command>
        <property>/controls/circuit-breakers/tands</property>
        <value type="bool">true</value>
      </binding>          
    </action>
  </animation>

  <animation>
    <type>translate</type>
    <object-name>BTandS</object-name>
    <object-name>BTandSS</object-name>
    <property>controls/circuit-breakers/tands</property>
    <factor>0.008</factor>
    <axis>
      <x> -1 </x>
      <y>  0 </y>
      <z>  0 </z>
    </axis>
  </animation>

  <animation>
    <type>pick</type>
    <visible>true</visible>
    <object-name>BFuelLoLev</object-name>
    <action>
      <button>0</button>
      <repeatable>false</repeatable>
      <binding>
        <command>property-toggle</command>
        <property>/controls/circuit-breakers/fuel-lo-lev</property>
        <value type="bool">true</value>
      </binding>          
    </action>
  </animation>

  <animation>
    <type>translate</type>
    <object-name>BFuelLoLev</object-name>
    <object-name>BFuelLoLevS</object-name>
    <property>controls/circuit-breakers/fuel-lo-lev</property>
    <factor>0.008</factor>
    <axis>
      <x> -1 </x>
      <y>  0 </y>
      <z>  0 </z>
    </axis>
  </animation>

  <animation>
    <type>pick</type>
    <visible>true</visible>
    <object-name>BAttIndic1</object-name>
    <action>
      <button>0</button>
      <repeatable>false</repeatable>
      <binding>
        <command>property-toggle</command>
        <property>/controls/circuit-breakers/att-indic-1</property>
        <value type="bool">true</value>
      </binding>          
    </action>
  </animation>

  <animation>
    <type>translate</type>
    <object-name>BAttIndic1</object-name>
    <object-name>BAttIndic1S</object-name>
    <property>controls/circuit-breakers/att-indic-1</property>
    <factor>0.008</factor>
    <axis>
      <x> -1 </x>
      <y>  0 </y>
      <z>  0 </z>
    </axis>
  </animation>

  <animation>
    <type>pick</type>
    <visible>true</visible>
    <object-name>BStallWarning</object-name>
    <action>
      <button>0</button>
      <repeatable>false</repeatable>
      <binding>
        <command>property-toggle</command>
        <property>/controls/circuit-breakers/stall-warning</property>
        <value type="bool">true</value>
      </binding>          
    </action>
  </animation>

  <animation>
    <type>translate</type>
    <object-name>BStallWarning</object-name>
    <object-name>BStallWarningS</object-name>
    <property>controls/circuit-breakers/stall-warning</property>
    <factor>0.008</factor>
    <axis>
      <x> -1 </x>
      <y>  0 </y>
      <z>  0 </z>
    </axis>
  </animation>

  <animation>
    <type>pick</type>
    <visible>true</visible>
    <object-name>BEssBus</object-name>
    <action>
      <button>0</button>
      <repeatable>false</repeatable>
      <binding>
        <command>property-toggle</command>
        <property>/controls/circuit-breakers/ess-bus</property>
        <value type="bool">true</value>
      </binding>          
    </action>
  </animation>

  <animation>
    <type>translate</type>
    <object-name>BEssBus</object-name>
    <object-name>BEssBusS</object-name>
    <property>controls/circuit-breakers/ess-bus</property>
    <factor>0.008</factor>
    <axis>
      <x> -1 </x>
      <y>  0 </y>
      <z>  0 </z>
    </axis>
  </animation>

  <animation>
    <type>pick</type>
    <visible>true</visible>
    <object-name>BMainBus</object-name>
    <action>
      <button>0</button>
      <repeatable>false</repeatable>
      <binding>
        <command>property-toggle</command>
        <property>/controls/circuit-breakers/main-bus</property>
        <value type="bool">true</value>
      </binding>          
    </action>
  </animation>

  <animation>
    <type>translate</type>
    <object-name>BMainBus</object-name>
    <object-name>BMainBusS</object-name>
    <property>controls/circuit-breakers/main-bus</property>
    <factor>0.008</factor>
    <axis>
      <x> -1 </x>
      <y>  0 </y>
      <z>  0 </z>
    </axis>
  </animation>

  <animation>
    <type>pick</type>
    <visible>true</visible>
    <object-name>BGen</object-name>
    <action>
      <button>0</button>
      <repeatable>false</repeatable>
      <binding>
        <command>property-toggle</command>
        <property>/controls/circuit-breakers/gen</property>
        <value type="bool">true</value>
      </binding>          
    </action>
  </animation>

  <animation>
    <type>translate</type>
    <object-name>BGen</object-name>
    <object-name>BGenS</object-name>
    <property>controls/circuit-breakers/gen</property>
    <factor>0.008</factor>
    <axis>
      <x> -1 </x>
      <y>  0 </y>
      <z>  0 </z>
    </axis>
  </animation>

  <animation>
    <type>pick</type>
    <visible>true</visible>
    <object-name>BAvionicRelay</object-name>
    <action>
      <button>0</button>
      <repeatable>false</repeatable>
      <binding>
        <command>property-toggle</command>
        <property>/controls/circuit-breakers/avionic-relay</property>
        <value type="bool">true</value>
      </binding>          
    </action>
  </animation>

  <animation>
    <type>translate</type>
    <object-name>BAvionicRelay</object-name>
    <object-name>BAvionicRelayS</object-name>
    <property>controls/circuit-breakers/avionic-relay</property>
    <factor>0.008</factor>
    <axis>
      <x> -1 </x>
      <y>  0 </y>
      <z>  0 </z>
    </axis>
  </animation>

  <animation>
    <type>pick</type>
    <visible>true</visible>
    <object-name>BFlaps</object-name>
    <action>
      <button>0</button>
      <repeatable>false</repeatable>
      <binding>
        <command>property-toggle</command>
        <property>/controls/circuit-breakers/flaps</property>
        <value type="bool">true</value>
      </binding>
    </action>
  </animation>

  <animation>
    <type>translate</type>
    <object-name>BFlaps</object-name>
    <object-name>BFlapsS</object-name>
    <property>controls/circuit-breakers/flaps</property>
    <factor>0.008</factor>
    <axis>
      <x> -1 </x>
      <y>  0 </y>
      <z>  0 </z>
    </axis>
  </animation>

</PropertyList>
