<?xml version="1.0" encoding="ISO-8859-1"?>

<PropertyList>

  <path>little.ac</path>

  <animation>
    <object-name>fond</object-name>
    <object-name>face</object-name>

    <object-name>vitre</object-name>
  </animation>

  <animation>
    <type>noshadow</type>
    <object-name>fond</object-name>
    <object-name>face</object-name>
    <object-name>vitre</object-name>
  </animation>

  <!-- working for Compositor -->
  <effect>
    <inherits-from>../../../../Effects/Glass/glass</inherits-from>
    <object-name>vitre</object-name>
  </effect>

  <animation>
    <type>material</type>
    <object-name>face</object-name>
    <condition>
      <property>controls/electric/battery-switch</property>
    </condition>
    <emission>
      <factor-prop>controls/lighting/instruments-norm</factor-prop>
      <red>   0.50 </red>
      <green> 0.40 </green>
      <blue>  0.30 </blue>
    </emission>
  </animation>

</PropertyList>
