<?xml version="1.0" encoding="ISO-8859-1"?>

<PropertyList>
  
  <sim include="Systems/views.xml">
    
    <description>Fouga Magister (YASim)</description>
    <author>BARANGER Emmanuel (3D/FDM)</author>
    <status>alpha</status>
    
    <fuel-fraction>1.0</fuel-fraction>
    
    <sound>
      <audible>true</audible>
      <path>Aircraft/Fouga-Magister/Sounds/fouga-sound.xml</path>
    </sound>
    
    <model>
      <path>Aircraft/Fouga-Magister/Models/fouga.xml</path>
      <livery>
        <file type="string">default</file>
      </livery>
    </model>
    
    <startup>
      <splash-texture>Aircraft/Fouga-Magister/fouga-splash.png</splash-texture>
    </startup>
    
    <virtual-cockpit archive="y">true</virtual-cockpit>
    
    <flaps>
      <setting>0.00</setting>
      <setting>0.50</setting>
      <setting>1.00</setting>
    </flaps>
    
    <multiplay>
      <chat_display>1</chat_display>
      <generic> 
        <int n="0"    type="int">  0 </int>                                              <!-- 0 immat -->
        <int n="1"    type="int">  0 </int>                                              <!-- 1 immat -->
        <int n="2"    type="int">  0 </int>                                              <!-- 2 immat -->
        <int n="3"    type="int">  0 </int>                                              <!-- 3 immat -->
        <int n="4"    type="int">  0 </int>                                              <!-- 4 immat -->
        <int n="5"    type="int">  0 </int>                                              <!-- 5 immat -->
        <int n="6"    type="bool" alias="/smoke/active"> 0 </int>                        <!-- 6 start smoke -->
        <int n="7"    type="int" alias="smoke/particlepersec"> 50 </int>                 <!-- 7 particlepersec -->
        <int n="8"    type="int" alias="/systems/electrical/outputs/nav-lights">0</int>  <!-- 8 nav-lights -->
        <int n="9"    type="int" alias="/sim/model/lights/beacon/state">false</int>      <!-- 9 strobe-lights -->
        <float n="0"  alias="/sim/model/door-positions/crew/position-norm"/>
        <float n="1"  alias="/sim/model/door-positions/passenger/position-norm"/>
        <float n="2"  alias="/position/gear-agl-m"> 0 </float>                           <!-- altitude for MP shadow -->
        <float n="3"  alias="/position/altitude-ft"> 0 </float>                          <!-- altitude for Smoke/Trail -->
        <float n="4"  alias="/engines/engine[0]/n1"/>
        <float n="5"  alias="/engines/engine[1]/n1"/>
        <float n="6"  alias="/engines/engine[0]/n2"/>
        <float n="7"  alias="/engines/engine[1]/n2"/>
        <float n="8"  alias="/controls/engines/engine[0]/throttle"/>
        <float n="9"  alias="/controls/engines/engine[1]/throttle"/>
        <float n="10" alias="/gear/gear[0]/wow"/>
        <float n="11" alias="/gear/gear[1]/wow"/>
        <float n="12" alias="/gear/gear[2]/wow"/>
        <float n="13" alias="/gear/gear[0]/rollspeed-ms"/>
        <float n="14" alias="/gear/gear[1]/rollspeed-ms"/>
        <float n="15" alias="/gear/gear[2]/rollspeed-ms"/>
        <float n="16" alias="/smoke/colors/knob-red">1</float>                           <!-- 3 smoke mixer red setting -->
        <float n="17" alias="/smoke/colors/knob-green">1</float>                         <!-- 4 smoke mixer green setting -->
        <float n="18" alias="/smoke/colors/knob-blue">1</float>                          <!-- 5 smoke mixer blue setting -->
        <!-- For Bombable -->
        <int type="int" n="10" alias="controls/armament/trigger">0</int>
        <string n="9" type="string" />
      </generic>
    </multiplay>
       
    <help include="Systems/help.xml"/>
    
    <menubar include="Dialogs/fouga-menu.xml"/>
    
  </sim>
  
  <yasim>
    <fouga>
      <pilot-lb>128</pilot-lb>
    </fouga>
  </yasim>
  
  <controls>
    <gear>
      <brake-parking type="double">1</brake-parking>
    </gear>
  </controls>
  
  <consumables>
    <fuel>
      <tank n="0">
        <tank-num type="int">0</tank-num>
        <level-gal_us archive="y">2070</level-gal_us>
      </tank>
    </fuel>
  </consumables>
  
  <input>
    <keyboard include="Systems/fouga-keyboard.xml"/>
  </input>
  
  <nasal>
    <doors>
      <file>Aircraft/Fouga-Magister/Nasal/doors.nas</file>
    </doors>
    <fouga>
      <file>Aircraft/Fouga-Magister/Nasal/liveries.nas</file>
      <file>Aircraft/Fouga-Magister/Nasal/light.nas</file>
      <!--
      <file>Aircraft/Fouga-Magister/Nasal/immat.nas</file>
      <file>Aircraft/Fouga-Magister/Nasal/millibar.nas</file>
      -->
    </fouga>
  </nasal>
  
</PropertyList>
