<?xml version="1.0" encoding="ISO-8859-1"?>

<PropertyList>

  <path>panel.ac</path>

  <animation>
    <!-- Objets opaques -->
    <object-name>panel</object-name>

    <!-- Objets transparents -->
  </animation>

  <!-- Big Pilot-->
  <model>
    <path>Instruments/Empty/big.xml</path>
    <offsets>
      <x-m>  0.178 </x-m>
      <y-m> -0.110 </y-m>
      <z-m>  0.167 </z-m>
    </offsets>
  </model>

  <model>
    <path>Instruments/Empty/big.xml</path>
    <offsets>
      <x-m>  0.178 </x-m>
      <y-m> -0.140 </y-m>
      <z-m>  0.080 </z-m>
    </offsets>
  </model>

  <!-- Asi -->
  <model>
    <path>Instruments/asi/asi.xml</path>
    <offsets>
      <x-m>  0.178 </x-m>
      <y-m> -0.070 </y-m>
      <z-m>  0.080 </z-m>
    </offsets>
  </model>

  <model>
    <path>Instruments/Empty/big.xml</path>
    <offsets>
      <x-m>  0.178 </x-m>
      <y-m> -0.140 </y-m>
      <z-m>  0.000 </z-m>
    </offsets>
  </model>

  <!-- Alt -->
  <model>
    <path>Instruments/alt/alt.xml</path>
    <offsets>
      <x-m>  0.178 </x-m>
      <y-m> -0.070 </y-m>
      <z-m>  0.000 </z-m>
    </offsets>
  </model>

  <model>
    <path>Instruments/standby-adi/adi.xml</path>
    <offsets>
      <x-m>  0.160 </x-m>
      <y-m>  0.070 </y-m>
      <z-m>  0.080 </z-m>
    </offsets>
  </model>

  <model>
    <path>Instruments/turn/turn.xml</path>
    <offsets>
      <x-m>  0.176 </x-m>
      <y-m>  0.070 </y-m>
      <z-m>  0.000 </z-m>
    </offsets>
    <overlay>
      <animation n="100">
        <type>scale</type>
        <property>constants/zero</property>
        <x-offset> 0.7 </x-offset>
        <y-offset> 0.7 </y-offset>
        <z-offset> 0.7 </z-offset>
      </animation>
    </overlay>
  </model>

  <!-- Little Pilot -->
  <!-- Hdg -->
  <model>
    <path>Instruments/hdg/hdg.xml</path>
    <offsets>
      <x-m>  0.178 </x-m>
      <y-m>  0.000 </y-m>
      <z-m>  0.090 </z-m>
    </offsets>
  </model>

  <!-- Vsi -->
  <model>
    <path>Instruments/vsi/vsi.xml</path>
    <offsets>
      <x-m>  0.178 </x-m>
      <y-m>  0.000 </y-m>
      <z-m> -0.010 </z-m>
    </offsets>
  </model>

  <model>
    <path>Instruments/fuel/fuel.xml</path>
    <offsets>
      <x-m>  0.178 </x-m>
      <y-m>  0.120 </y-m>
      <z-m>  0.164 </z-m>
    </offsets>
  </model>

  <model>
    <path>Instruments/GMeter/gmeter.xml</path>
    <offsets>
      <x-m>  0.179 </x-m>
      <y-m>  0.150 </y-m>
      <z-m>  0.090 </z-m>
    </offsets>
  </model>

  <model>
    <path>Instruments/Empty/little.xml</path>
    <offsets>
      <x-m>  0.178 </x-m>
      <y-m> -0.160 </y-m>
      <z-m> -0.070 </z-m>
    </offsets>
  </model>

  <model>
    <path>Instruments/rpm/rpm-1.xml</path>
    <offsets>
      <x-m>  0.179 </x-m>
      <y-m> -0.104 </y-m>
      <z-m> -0.070 </z-m>
    </offsets>
  </model>

  <model>
    <path>Instruments/rpm/rpm-2.xml</path>
    <offsets>
      <x-m>  0.179 </x-m>
      <y-m> -0.048 </y-m>
      <z-m> -0.070 </z-m>
    </offsets>
  </model>

  <model>
    <path>Instruments/Empty/little.xml</path>
    <offsets>
      <x-m>  0.178 </x-m>
      <y-m> -0.160 </y-m>
      <z-m> -0.130 </z-m>
    </offsets>
  </model>

  <model>
    <path>Instruments/egt/exh1.xml</path>
    <offsets>
      <x-m>  0.179 </x-m>
      <y-m> -0.104 </y-m>
      <z-m> -0.130 </z-m>
    </offsets>
    <overlay>
      <animation n="100">
        <type>scale</type>
        <property>constants/zero</property>
        <x-offset> 0.874 </x-offset>
        <y-offset> 0.874 </y-offset>
        <z-offset> 0.874 </z-offset>
      </animation>
    </overlay>
  </model>

  <model>
    <path>Instruments/egt/exh2.xml</path>
    <offsets>
      <x-m>  0.179 </x-m>
      <y-m> -0.048 </y-m>
      <z-m> -0.130 </z-m>
    </offsets>
    <overlay>
      <animation n="100">
        <type>scale</type>
        <property>constants/zero</property>
        <x-offset> 0.874 </x-offset>
        <y-offset> 0.874 </y-offset>
        <z-offset> 0.874 </z-offset>
      </animation>
    </overlay>
  </model>

  <!-- Big CoPilot-->
  <model>
    <path>Instruments/Empty/big.xml</path>
    <offsets>
      <x-m>  1.618 </x-m>
      <y-m> -0.110 </y-m>
      <z-m>  0.167 </z-m>
    </offsets>
  </model>

  <model>
    <path>Instruments/Empty/big.xml</path>
    <offsets>
      <x-m>  1.618 </x-m>
      <y-m> -0.140 </y-m>
      <z-m>  0.080 </z-m>
    </offsets>
  </model>

  <!-- Asi -->
  <model>
    <path>Instruments/asi/asi.xml</path>
    <offsets>
      <x-m>  1.618 </x-m>
      <y-m> -0.070 </y-m>
      <z-m>  0.080 </z-m>
    </offsets>
  </model>

  <model>
    <path>Instruments/Empty/big.xml</path>
    <offsets>
      <x-m>  1.618 </x-m>
      <y-m> -0.140 </y-m>
      <z-m>  0.000 </z-m>
    </offsets>
  </model>

  <!-- Alt -->
  <model>
    <path>Instruments/alt/alt.xml</path>
    <offsets>
      <x-m>  1.618 </x-m>
      <y-m> -0.070 </y-m>
      <z-m>  0.000 </z-m>
    </offsets>
  </model>

  <model>
    <path>Instruments/standby-adi/adi.xml</path>
    <offsets>
      <x-m>  1.600 </x-m>
      <y-m>  0.070 </y-m>
      <z-m>  0.080 </z-m>
    </offsets>
  </model>

  <model>
    <path>Instruments/turn/turn.xml</path>
    <offsets>
      <x-m>  1.614 </x-m>
      <y-m>  0.070 </y-m>
      <z-m>  0.000 </z-m>
    </offsets>
    <overlay>
      <animation n="100">
        <type>scale</type>
        <property>constants/zero</property>
        <x-offset> 0.7 </x-offset>
        <y-offset> 0.7 </y-offset>
        <z-offset> 0.7 </z-offset>
      </animation>
    </overlay>
  </model>

  <!-- Little CoPilot -->
  <!-- Hdg -->
  <model>
    <path>Instruments/hdg/hdg.xml</path>
    <offsets>
      <x-m>  1.618 </x-m>
      <y-m>  0.000 </y-m>
      <z-m>  0.090 </z-m>
    </offsets>
  </model>

  <!-- Vsi -->
  <model>
    <path>Instruments/vsi/vsi.xml</path>
    <offsets>
      <x-m>  1.618 </x-m>
      <y-m>  0.000 </y-m>
      <z-m> -0.010 </z-m>
    </offsets>
  </model>

  <model>
    <path>Instruments/fuel/fuel.xml</path>
    <offsets>
      <x-m>  1.618 </x-m>
      <y-m>  0.120 </y-m>
      <z-m>  0.164 </z-m>
    </offsets>
  </model>

  <model>
    <path>Instruments/GMeter/gmeter.xml</path>
    <offsets>
      <x-m>  1.618 </x-m>
      <y-m>  0.150 </y-m>
      <z-m>  0.090 </z-m>
    </offsets>
  </model>

  <model>
    <path>Instruments/Empty/little.xml</path>
    <offsets>
      <x-m>  1.618 </x-m>
      <y-m> -0.160 </y-m>
      <z-m> -0.070 </z-m>
    </offsets>
  </model>

  <model>
    <path>Instruments/rpm/rpm-1.xml</path>
    <offsets>
      <x-m>  1.617 </x-m>
      <y-m> -0.104 </y-m>
      <z-m> -0.070 </z-m>
    </offsets>
  </model>

  <model>
    <path>Instruments/rpm/rpm-2.xml</path>
    <offsets>
      <x-m>  1.617 </x-m>
      <y-m> -0.048 </y-m>
      <z-m> -0.070 </z-m>
    </offsets>
  </model>

  <model>
    <path>Instruments/Empty/little.xml</path>
    <offsets>
      <x-m>  1.618 </x-m>
      <y-m> -0.160 </y-m>
      <z-m> -0.130 </z-m>
    </offsets>
  </model>

  <model>
    <path>Instruments/egt/exh1.xml</path>
    <offsets>
      <x-m>  1.618 </x-m>
      <y-m> -0.104 </y-m>
      <z-m> -0.130 </z-m>
    </offsets>
    <overlay>
      <animation n="100">
        <type>scale</type>
        <property>constants/zero</property>
        <x-offset> 0.874 </x-offset>
        <y-offset> 0.874 </y-offset>
        <z-offset> 0.874 </z-offset>
      </animation>
    </overlay>
  </model>

  <model>
    <path>Instruments/egt/exh2.xml</path>
    <offsets>
      <x-m>  1.617 </x-m>
      <y-m> -0.048 </y-m>
      <z-m> -0.130 </z-m>
    </offsets>
    <overlay>
      <animation n="100">
        <type>scale</type>
        <property>constants/zero</property>
        <x-offset> 0.874 </x-offset>
        <y-offset> 0.874 </y-offset>
        <z-offset> 0.874 </z-offset>
      </animation>
    </overlay>
  </model>

</PropertyList>
