<?xml version="1.0" encoding="ISO-8859-1"?>

<PropertyList>

  <path>hdg.ac</path>

  <animation>
    <object-name>fond</object-name>
    <object-name>HDG.knob</object-name>
    <object-name>HDGneedle</object-name>
    <object-name>HDGpointer</object-name>

    <object-name>vitre</object-name>
  </animation>

  <animation>
    <type>noshadow</type>
    <object-name>fond</object-name>
    <object-name>HDG.knob</object-name>
    <object-name>HDGneedle</object-name>
    <object-name>HDGpointer</object-name>
    <object-name>vitre</object-name>
  </animation>

  <!-- working for Compositor -->
  <effect>
    <inherits-from>../../../../Effects/Glass/glass</inherits-from>
    <object-name>vitre</object-name>
  </effect>

  <animation>
    <type>material</type>
    <object-name>HDGpointer</object-name>
    <object-name>HDGneedle</object-name>
    <condition>
      <property>controls/electric/battery-switch</property>
    </condition>
    <emission>
      <factor-prop>controls/lighting/instruments-norm</factor-prop>
      <red>   0.50 </red>
      <green> 0.40 </green>
      <blue>  0.30 </blue>
    </emission>
  </animation>

  <animation>
    <type>texrotate</type>
    <object-name>HDGneedle</object-name>
    <property>/instrumentation/heading-indicator/indicated-heading-deg</property>
    <center>
      <x> 0.5 </x>
      <y> 0.5 </y>
    </center>
    <axis>
      <x>  0 </x>
      <y>  0 </y>
      <z> -1 </z>
    </axis>
  </animation>

</PropertyList>
