<?xml version="1.0" encoding="ISO-8859-1"?>

<PropertyList>

  <path>MagneticCompass.ac</path>

  <animation>
    <object-name>fond</object-name>
    <object-name>ball</object-name>
    <object-name>barre</object-name>

    <object-name>vitre</object-name>
  </animation>

  <!-- working for Rembrandt -->
  <effect>
    <inherits-from>Aircraft/Grob-G115/Models/Effects/Glass/glass</inherits-from>
    <object-name>vitre</object-name>
  </effect>
  
  <animation>
    <type>material</type>
    <object-name>ball</object-name>   
    <object-name>barre</object-name>
    <emission>
      <red>   1.0 </red>
      <green> 0.2 </green>
      <blue>  0.0 </blue>
      <factor-prop>/controls/lighting/instruments-norm</factor-prop>
    </emission>
  </animation>

  <animation>
   <type>rotate</type>
   <object-name>ball</object-name>
   <property>/instrumentation/magnetic-compass/indicated-heading-deg</property>
   <center>
     <x-m> -0.022 </x-m>
     <y-m>  0.000 </y-m>
     <z-m>  0.038 </z-m>
   </center> 
   <axis>
     <x> 0 </x>
     <y> 0 </y>
     <z> 1 </z>
   </axis>
  </animation>

</PropertyList>
