<?xml version="1.0" encoding="ISO-8859-1"?>

<PropertyList>

  <path>immat.ac</path>

  <animation>
    <!-- Immatriculations -->
    <object-name>ImatFuselageL1</object-name>
    <object-name>ImatFuselageL2</object-name>
    <object-name>ImatFuselageL3</object-name>
    <object-name>ImatFuselageL4</object-name>
    <object-name>ImatFuselageL5</object-name>
    <object-name>ImatFuselageL6</object-name>
    <object-name>ImatFuselageR1</object-name>
    <object-name>ImatFuselageR2</object-name>
    <object-name>ImatFuselageR3</object-name>
    <object-name>ImatFuselageR4</object-name>
    <object-name>ImatFuselageR5</object-name>
    <object-name>ImatFuselageR6</object-name>
    <object-name>ImatPanel1</object-name>
    <object-name>ImatPanel2</object-name>
    <object-name>ImatPanel3</object-name>
    <object-name>ImatPanel4</object-name>
    <object-name>ImatPanel5</object-name>
    <object-name>ImatPanel6</object-name>
  </animation>

  <animation>
    <type>noshadow</type>
    <object-name>ImatFuselageL1</object-name>
    <object-name>ImatFuselageL2</object-name>
    <object-name>ImatFuselageL3</object-name>
    <object-name>ImatFuselageL4</object-name>
    <object-name>ImatFuselageL5</object-name>
    <object-name>ImatFuselageL6</object-name>
    <object-name>ImatFuselageR1</object-name>
    <object-name>ImatFuselageR2</object-name>
    <object-name>ImatFuselageR3</object-name>
    <object-name>ImatFuselageR4</object-name>
    <object-name>ImatFuselageR5</object-name>
    <object-name>ImatFuselageR6</object-name>
    <object-name>ImatPanel1</object-name>
    <object-name>ImatPanel2</object-name>
    <object-name>ImatPanel3</object-name>
    <object-name>ImatPanel4</object-name>
    <object-name>ImatPanel5</object-name>
    <object-name>ImatPanel6</object-name>
  </animation>

  <!-- Ne me demandez pas comment j'ai obtenu la formule du facteur, ce fut au feeling ;) -->
  <!--
       Largeur de l'image compl�te : 2048 pixels
       Largeur d'un caract�re      :   50 pixels
       Nombre de cases             : 2048/50 = 40.96
       factor                      : 1/40.96 = 0.0244140625
  -->
  <!-- Fuselage gauche -->
  <animation> 
    <type>textranslate</type> 
    <object-name>ImatFuselageL1</object-name> 
    <property>sim/multiplay/generic/int[0]</property>
    <factor> 0.0244140625 </factor>
    <axis> 
      <x> 1 </x> 
      <y> 0 </y> 
      <z> 0 </z> 
    </axis> 
  </animation>

  <animation> 
    <type>textranslate</type> 
    <object-name>ImatFuselageL2</object-name> 
    <property>sim/multiplay/generic/int[1]</property>
    <factor> 0.0244140625 </factor>
    <axis> 
      <x> 1 </x> 
      <y> 0 </y> 
      <z> 0 </z> 
    </axis> 
  </animation>

  <animation> 
    <type>textranslate</type> 
    <object-name>ImatFuselageL3</object-name> 
    <property>sim/multiplay/generic/int[2]</property>
    <factor> 0.0244140625 </factor>
    <axis> 
      <x> 1 </x> 
      <y> 0 </y> 
      <z> 0 </z> 
    </axis> 
  </animation>

  <animation> 
    <type>textranslate</type> 
    <object-name>ImatFuselageL4</object-name> 
    <property>sim/multiplay/generic/int[3]</property>
    <factor> 0.0244140625 </factor>
    <axis> 
      <x> 1 </x> 
      <y> 0 </y> 
      <z> 0 </z> 
    </axis> 
  </animation>

  <animation> 
    <type>textranslate</type> 
    <object-name>ImatFuselageL5</object-name> 
    <property>sim/multiplay/generic/int[4]</property>
    <factor> 0.0244140625 </factor>
    <axis> 
      <x> 1 </x> 
      <y> 0 </y> 
      <z> 0 </z> 
    </axis> 
  </animation>

  <animation> 
    <type>textranslate</type> 
    <object-name>ImatFuselageL6</object-name> 
    <property>sim/multiplay/generic/int[5]</property>
    <factor> 0.0244140625 </factor>
    <axis> 
      <x> 1 </x> 
      <y> 0 </y> 
      <z> 0 </z> 
    </axis> 
  </animation>

  <!-- Fuselage droit -->
  <animation> 
    <type>textranslate</type> 
    <object-name>ImatFuselageR1</object-name> 
    <property>sim/multiplay/generic/int[0]</property>
    <factor> 0.0244140625 </factor>
    <axis> 
      <x> 1 </x> 
      <y> 0 </y> 
      <z> 0 </z> 
    </axis> 
  </animation>

  <animation> 
    <type>textranslate</type> 
    <object-name>ImatFuselageR2</object-name> 
    <property>sim/multiplay/generic/int[1]</property>
    <factor> 0.0244140625 </factor>
    <axis> 
      <x> 1 </x> 
      <y> 0 </y> 
      <z> 0 </z> 
    </axis> 
  </animation>

  <animation> 
    <type>textranslate</type> 
    <object-name>ImatFuselageR3</object-name> 
    <property>sim/multiplay/generic/int[2]</property>
    <factor> 0.0244140625 </factor>
    <axis> 
      <x> 1 </x> 
      <y> 0 </y> 
      <z> 0 </z> 
    </axis> 
  </animation>

  <animation> 
    <type>textranslate</type> 
    <object-name>ImatFuselageR4</object-name> 
    <property>sim/multiplay/generic/int[3]</property>
    <factor> 0.0244140625 </factor>
    <axis> 
      <x> 1 </x> 
      <y> 0 </y> 
      <z> 0 </z> 
    </axis> 
  </animation>

  <animation> 
    <type>textranslate</type> 
    <object-name>ImatFuselageR5</object-name> 
    <property>sim/multiplay/generic/int[4]</property>
    <factor> 0.0244140625 </factor>
    <axis> 
      <x> 1 </x> 
      <y> 0 </y> 
      <z> 0 </z> 
    </axis> 
  </animation>

  <animation> 
    <type>textranslate</type> 
    <object-name>ImatFuselageR6</object-name> 
    <property>sim/multiplay/generic/int[5]</property>
    <factor> 0.0244140625 </factor>
    <axis> 
      <x> 1 </x> 
      <y> 0 </y> 
      <z> 0 </z> 
    </axis> 
  </animation>

  <!-- Tableau de bord -->
  <animation> 
    <type>textranslate</type> 
    <object-name>ImatPanel1</object-name> 
    <property>sim/multiplay/generic/int[0]</property>
    <factor> 0.0244140625 </factor>
    <axis> 
      <x> 1 </x> 
      <y> 0 </y> 
      <z> 0 </z> 
    </axis> 
  </animation>

  <animation> 
    <type>textranslate</type> 
    <object-name>ImatPanel2</object-name> 
    <property>sim/multiplay/generic/int[1]</property>
    <factor> 0.0244140625 </factor>
    <axis> 
      <x> 1 </x> 
      <y> 0 </y> 
      <z> 0 </z> 
    </axis> 
  </animation>

  <animation> 
    <type>textranslate</type> 
    <object-name>ImatPanel3</object-name> 
    <property>sim/multiplay/generic/int[2]</property>
    <factor> 0.0244140625 </factor>
    <axis> 
      <x> 1 </x> 
      <y> 0 </y> 
      <z> 0 </z> 
    </axis> 
  </animation>

  <animation> 
    <type>textranslate</type> 
    <object-name>ImatPanel4</object-name> 
    <property>sim/multiplay/generic/int[3]</property>
    <factor> 0.0244140625 </factor>
    <axis> 
      <x> 1 </x> 
      <y> 0 </y> 
      <z> 0 </z> 
    </axis> 
  </animation>

  <animation> 
    <type>textranslate</type> 
    <object-name>ImatPanel5</object-name> 
    <property>sim/multiplay/generic/int[4]</property>
    <factor> 0.0244140625 </factor>
    <axis> 
      <x> 1 </x> 
      <y> 0 </y> 
      <z> 0 </z> 
    </axis> 
  </animation>

  <animation> 
    <type>textranslate</type> 
    <object-name>ImatPanel6</object-name> 
    <property>sim/multiplay/generic/int[5]</property>
    <factor> 0.0244140625 </factor>
    <axis> 
      <x> 1 </x> 
      <y> 0 </y> 
      <z> 0 </z> 
    </axis> 
  </animation>

</PropertyList>

