<?xml version="1.0" encoding="ISO-8859-1"?>

<PropertyList>

  <path>little.ac</path>

  <animation>
    <object-name>fond</object-name>
    <object-name>face</object-name>

    <object-name>vitre</object-name>
  </animation>

  <!-- working for Rembrandt -->
  <effect>
    <inherits-from>Aircraft/Fouga-Magister/Models/Effects/Glass/glass</inherits-from>
    <object-name>vitre</object-name>
  </effect>
  
  <animation>
    <type>material</type>
    <object-name>face</object-name>
    <emission>
      <factor-prop>systems/electrical/outputs/instrument-lights</factor-prop>
      <red>   0.50 </red>
      <green> 0.25 </green>
      <blue>  0.25 </blue>
    </emission>
  </animation>

</PropertyList>
