<?xml version="1.0" encoding="ISO-8859-1"?>

<PropertyList>

  <path>KMA26.ac</path>

  <animation>
    <type>pick</type>
    <visible>true</visible>
    <object-name>MkrMute</object-name>
    <action>
      <button>0</button>
      <repeatable>false</repeatable>
      <binding>
      </binding>          
    </action>
  </animation>

  <animation>
    <type>pick</type>
    <visible>true</visible>
    <object-name>Com1B</object-name>
    <action>
      <button>0</button>
      <repeatable>false</repeatable>
      <binding>
        <command>property-toggle</command>
        <property>/instrumentation/kma26/com1sel</property>
        <value type="bool">true</value>
      </binding>          
    </action>
  </animation>

  <animation>
    <type>material</type>
    <object-name>Com1L</object-name>
    <emission>
      <red>   0.2 </red>
      <green> 1.0 </green>
      <blue>  0.2 </blue>
      <factor-prop>/instrumentation/kma26/com1lampnorm</factor-prop> 
    </emission>
  </animation>

  <animation>
    <type>pick</type>
    <visible>true</visible>
    <object-name>Com2B</object-name>
    <action>
      <button>0</button>
      <repeatable>false</repeatable>
      <binding>
        <command>property-toggle</command>
        <property>/instrumentation/kma26/com2sel</property>
        <value type="bool">true</value>
      </binding>          
    </action>
  </animation>

  <animation>
    <type>material</type>
    <object-name>Com2L</object-name>
    <emission>
      <red>   0.2 </red>
      <green> 1.0 </green>
      <blue>  0.2 </blue>
      <factor-prop>/instrumentation/kma26/com2lampnorm</factor-prop> 
    </emission>
  </animation>

  <animation>
    <type>pick</type>
    <visible>true</visible>
    <object-name>Com3B</object-name>
    <action>
      <button>0</button>
      <repeatable>false</repeatable>
      <binding>
        <command>property-toggle</command>
        <property>/instrumentation/kma26/com3sel</property>
        <value type="bool">true</value>
      </binding>          
    </action>
  </animation>

  <animation>
    <type>material</type>
    <object-name>Com3L</object-name>
    <emission>
      <red>   0.2 </red>
      <green> 1.0 </green>
      <blue>  0.2 </blue>
      <factor-prop>/instrumentation/kma26/com3lampnorm</factor-prop> 
    </emission>
  </animation>

  <animation>
    <type>pick</type>
    <visible>true</visible>
    <object-name>Nav1B</object-name>
    <action>
      <button>0</button>
      <repeatable>false</repeatable>
      <binding>
        <command>property-toggle</command>
        <property>/instrumentation/kma26/nav1sel</property>
        <value type="bool">true</value>
      </binding>          
    </action>
  </animation>

  <animation>
    <type>material</type>
    <object-name>Nav1L</object-name>
    <emission>
      <red>   0.2 </red>
      <green> 1.0 </green>
      <blue>  0.2 </blue>
      <factor-prop>/instrumentation/kma26/nav1lampnorm</factor-prop> 
    </emission>
  </animation>

  <animation>
    <type>pick</type>
    <visible>true</visible>
    <object-name>Nav2B</object-name>
    <action>
      <button>0</button>
      <repeatable>false</repeatable>
      <binding>
        <command>property-toggle</command>
        <property>/instrumentation/kma26/nav2sel</property>
        <value type="bool">true</value>
      </binding>          
    </action>
  </animation>

  <animation>
    <type>material</type>
    <object-name>Nav2L</object-name>
    <emission>
      <red>   0.2 </red>
      <green> 1.0 </green>
      <blue>  0.2 </blue>
      <factor-prop>/instrumentation/kma26/nav2lampnorm</factor-prop> 
    </emission>
  </animation>

  <animation>
    <type>pick</type>
    <visible>true</visible>
    <object-name>MkrB</object-name>
    <action>
      <button>0</button>
      <repeatable>false</repeatable>
      <binding>
        <command>property-toggle</command>
        <property>/instrumentation/kma26/mkrsel</property>
        <value type="bool">true</value>
      </binding>          
    </action>
  </animation>

  <animation>
    <type>material</type>
    <object-name>MkrL</object-name>
    <emission>
      <red>   0.2 </red>
      <green> 1.0 </green>
      <blue>  0.2 </blue>
      <factor-prop>/instrumentation/kma26/mkrlampnorm</factor-prop> 
    </emission>
  </animation>

  <animation>
    <type>pick</type>
    <visible>true</visible>
    <object-name>AdfB</object-name>
    <action>
      <button>0</button>
      <repeatable>false</repeatable>
      <binding>
        <command>property-toggle</command>
        <property>/instrumentation/kma26/adfsel</property>
        <value type="bool">true</value>
      </binding>          
    </action>
  </animation>

  <animation>
    <type>material</type>
    <object-name>AdfL</object-name>
    <emission>
      <red>   0.2 </red>
      <green> 1.0 </green>
      <blue>  0.2 </blue>
      <factor-prop>/instrumentation/kma26/adflampnorm</factor-prop> 
    </emission>
  </animation>

  <animation>
    <type>pick</type>
    <visible>true</visible>
    <object-name>DmeB</object-name>
    <action>
      <button>0</button>
      <repeatable>false</repeatable>
      <binding>
        <command>property-toggle</command>
        <property>/instrumentation/kma26/dmesel</property>
        <value type="bool">true</value>
      </binding>          
    </action>
  </animation>

  <animation>
    <type>material</type>
    <object-name>DmeL</object-name>
    <emission>
      <red>   0.2 </red>
      <green> 1.0 </green>
      <blue>  0.2 </blue>
      <factor-prop>/instrumentation/kma26/dmelampnorm</factor-prop> 
    </emission>
  </animation>

  <animation>
    <type>pick</type>
    <visible>true</visible>
    <object-name>AuxB</object-name>
    <action>
      <button>0</button>
      <repeatable>false</repeatable>
      <binding>
        <command>property-toggle</command>
        <property>/instrumentation/kma26/auxsel</property>
        <value type="bool">true</value>
      </binding>          
    </action>
  </animation>

  <animation>
    <type>material</type>
    <object-name>AuxL</object-name>
    <emission>
      <red>   0.2 </red>
      <green> 1.0 </green>
      <blue>  0.2 </blue>
      <factor-prop>/instrumentation/kma26/auxlampnorm</factor-prop> 
    </emission>
  </animation>

  <animation>
    <type>pick</type>
    <visible>true</visible>
    <object-name>MoniB</object-name>
    <action>
      <button>0</button>
      <repeatable>false</repeatable>
      <binding>
        <command>property-toggle</command>
        <property>/instrumentation/kma26/monisel</property>
        <value type="bool">true</value>
      </binding>          
    </action>
  </animation>

  <animation>
    <type>material</type>
    <object-name>MoniL</object-name>
    <emission>
      <red>   0.2 </red>
      <green> 1.0 </green>
      <blue>  0.2 </blue>
      <factor-prop>/instrumentation/kma26/monilampnorm</factor-prop> 
    </emission>
  </animation>

  <animation> 
    <type>rotate</type>
    <object-name>Switch1</object-name>
    <property>/instrumentation/kma26/sens</property>
    <factor>15</factor>
    <axis> 
      <x>  0 </x>
      <y> -1 </y>
      <z>  0 </z>
    </axis>
    <center>
      <x-m> 0.0100 </x-m>
      <y-m> 0.0000 </y-m>
      <z-m> 0.0245 </z-m>  
    </center>
  </animation>                                                              
                                        
  <animation>
    <type>pick</type>
    <visible>false</visible>
    <object-name>SensHi</object-name>
    <action>
      <button>0</button>
      <repeatable>false</repeatable>
      <binding>
        <command>property-assign</command>
        <property>/instrumentation/kma26/sens</property>
        <value type="double">1</value>
      </binding>          
    </action>
  </animation>

  <animation>
    <type>pick</type>
    <visible>false</visible>
    <object-name>SensLo</object-name>
    <action>
      <button>0</button>
      <repeatable>false</repeatable>
      <binding>
        <command>property-assign</command>
        <property>/instrumentation/kma26/sens</property>
        <value type="double">0</value>
      </binding>          
    </action>
  </animation>

  <animation>
    <type>pick</type>
    <visible>false</visible>
    <object-name>SensTest</object-name>
    <action>
      <button>0</button>
      <repeatable>false</repeatable>
      <binding>
        <command>property-assign</command>
        <property>/instrumentation/kma26/sens</property>
        <value type="double">-1</value>
      </binding>          
      <mod-up>
        <binding>
          <command>property-assign</command>
          <property>/instrumentation/kma26/sens</property>
          <value type="double">0</value>            
        </binding>
      </mod-up>    
    </action>
  </animation>

  <animation> 
    <type>rotate</type>
    <object-name>Switch2</object-name>
    <property>instrumentation/kma26/crewsel</property>
    <factor>15</factor>
    <axis> 
      <x>  0 </x>
      <y> -1 </y>
      <z>  0 </z>
    </axis>
    <center>
      <x-m> 0.010 </x-m>
      <y-m> 0.000 </y-m>
      <z-m> 0.009 </z-m>  
    </center>
  </animation>                                                              
                                        
  <animation>
    <type>pick</type>
    <visible>false</visible>
    <object-name>SelPilot</object-name>
    <action>
      <button>0</button>
      <repeatable>false</repeatable>
      <binding>
        <command>property-assign</command>
        <property>/instrumentation/kma26/crewsel</property>
        <value type="double">1</value>
      </binding>          
    </action>
  </animation>

  <animation>
    <type>pick</type>
    <visible>false</visible>
    <object-name>SelCrew</object-name>
    <action>
      <button>0</button>
      <repeatable>false</repeatable>
      <binding>
        <command>property-assign</command>
        <property>/instrumentation/kma26/crewsel</property>
        <value type="double">0</value>
      </binding>          
    </action>
  </animation>

  <animation>
    <type>pick</type>
    <visible>false</visible>
    <object-name>SelAll</object-name>
    <action>
      <button>0</button>
      <repeatable>false</repeatable>
      <binding>
        <command>property-assign</command>
        <property>/instrumentation/kma26/crewsel</property>
        <value type="double">-1</value>
      </binding>          
    </action>
  </animation>

  <animation>
    <type>pick</type>
    <visible>false</visible>
    <object-name>LeftOuterDn</object-name>
    <action>
      <button>0</button>
      <repeatable>true</repeatable>
      <binding>
      </binding>          
    </action>
  </animation>

  <animation>
    <type>pick</type>
    <visible>false</visible>
    <object-name>LeftOuterUp</object-name>
    <action>
      <button>0</button>
      <repeatable>true</repeatable>
      <binding>
      </binding>          
    </action>
  </animation>

  <animation>
    <type>pick</type>
    <visible>false</visible>
    <object-name>LeftInnerDn</object-name>
    <action>
      <button>0</button>
      <repeatable>true</repeatable>
      <binding>
      </binding>          
    </action>
  </animation>

  <animation>
    <type>pick</type>
    <visible>false</visible>
    <object-name>LeftInnerUp</object-name>
    <action>
      <button>0</button>
      <repeatable>true</repeatable>
      <binding>
      </binding>          
    </action>
  </animation>

  <animation> 
    <type>rotate</type>
    <object-name>OuterKnob2</object-name>
    <property>/instrumentation/kma26/primaryradio</property>
    <factor>25</factor>
    <axis> 
      <x> -1 </x>
      <y>  0 </y>
      <z>  0 </z>
    </axis>
    <center>
      <x-m> 0.0000 </x-m>
      <y-m> 0.0575 </y-m>
      <z-m> 0.0150 </z-m>  
    </center>
  </animation>                                                              

  <animation>
    <type>pick</type>
    <visible>false</visible>
    <object-name>RightOuterDn</object-name>
    <action>
      <button>0</button>
      <repeatable>true</repeatable>
      <binding>
        <command>property-adjust</command>
        <property>/instrumentation/kma26/primaryradio</property>
        <step type="int">-1</step>
        <min>0</min>
      </binding>          
    </action>
  </animation>

  <animation>
    <type>pick</type>
    <visible>false</visible>
    <object-name>RightOuterUp</object-name>
    <action>
      <button>0</button>
      <repeatable>true</repeatable>
      <binding>
        <command>property-adjust</command>
        <property>/instrumentation/kma26/primaryradio</property>
        <step type="int">1</step>
        <max>4</max>
      </binding>          
    </action>
  </animation>

  <animation>
    <type>pick</type>
    <visible>false</visible>
    <object-name>RightInnerDn</object-name>
    <action>
      <button>0</button>
      <repeatable>true</repeatable>
      <binding>
      </binding>          
    </action>
  </animation>

  <animation>
    <type>pick</type>
    <visible>false</visible>
    <object-name>RightInnerUp</object-name>
    <action>
      <button>0</button>
      <repeatable>true</repeatable>
      <binding>
      </binding>          
    </action>
  </animation>

  <animation>
    <type>material</type>
    <object-name>OuterLamp</object-name>
    <emission>
      <red>   0.9 </red>
      <green> 0.9 </green>
      <blue>  0.9 </blue>
      <factor-prop>/instrumentation/kma26/omkrlampnorm</factor-prop> 
    </emission>
  </animation>

  <animation>
    <type>material</type>
    <object-name>MiddleLamp</object-name>
    <emission>
      <red>   0.9 </red>
      <green> 0.9 </green>
      <blue>  0.9 </blue>
      <factor-prop>/instrumentation/kma26/mmkrlampnorm</factor-prop> 
    </emission>
  </animation>

  <animation>
    <type>material</type>
    <object-name>InnerLamp</object-name>
    <emission>
      <red>   0.9 </red>
      <green> 0.9 </green>
      <blue>  0.9 </blue>
      <factor-prop>/instrumentation/kma26/imkrlampnorm</factor-prop> 
    </emission>
  </animation>

</PropertyList>
