<?xml version="1.0" encoding="ISO-8859-1"?>

<PropertyList include="Systems/fouga-base.xml">

  <sim>

    <description>FGSS CM-170 (V2022.1)</description>
    <author>BARANGER Emmanuel (3D/FDM), Tucano</author>

    <aircraft-version>0.3</aircraft-version>
    <status>alpha</status>
    <minimum-fg-version>2018.2.0</minimum-fg-version>

    <flight-model>yasim</flight-model>
    <aero>Systems/fouga-yasim</aero>

    <rating>
      <FDM type="int">     3 </FDM>
      <systems type="int"> 2 </systems>
      <cockpit type="int"> 2 </cockpit>
      <model type="int">   4 </model>
    </rating>

    <previews>
      <preview>
        <type>interior</type>
        <splash type="bool">true</splash>
        <path>Previews/fouga-0.png</path>
      </preview>
      <preview>
        <type>exterior</type>
        <splash type="bool">true</splash>
        <path>Previews/fouga-1.png</path>
      </preview>
      <preview>
        <type>exterior</type>
        <splash type="bool">true</splash>
        <path>Previews/fouga-2.png</path>
      </preview>
      <preview>
        <type>exterior</type>
        <splash type="bool">true</splash>
        <path>Previews/fouga-3.png</path>
      </preview>
      <preview>
        <type>exterior</type>
        <splash type="bool">true</splash>
        <path>Previews/fouga-4.png</path>
      </preview>
      <preview>
        <type>exterior</type>
        <splash type="bool">true</splash>
        <path>Previews/fouga-5.png</path>
      </preview>
    </previews>

    <tags>
      <tag>Aerospatiale-Potez</tag>
      <tag>tricycle</tag>
      <tag>retractable-gear</tag>
      <tag>twin-engine</tag>
      <tag>jet</tag>
      <tag>trainer</tag>
      <tag>aerobatic</tag>
      <tag>ifr</tag>
      <tag>1950s</tag>
      <tag>1960s</tag>
      <tag>1970s</tag>
      <tag>1980s</tag>
      <tag>1990s</tag>
    </tags>

  </sim>

</PropertyList>
