<?xml version="1.0" encoding="ISO-8859-1"?>

<PropertyList>

  <path>panel.ac</path>

  <animation>
    <!-- Objets opaques -->
    <object-name>panel</object-name>

    <!-- Objets transparents -->
  </animation>

  <!-- nav light -->
  <model>
    <path>Aircraft/Fouga-Magister/Models/Interior/Panel/Instruments/divers/landing-lights.xml</path>
    <offsets>
      <x-m>  0.180 </x-m>
      <y-m> -0.210 </y-m>
      <z-m>  0.170 </z-m>
    </offsets>
  </model>

  <!-- Big Pilot-->
  <model>
    <path>Aircraft/Fouga-Magister/Models/Interior/Panel/Instruments/Empty/big.xml</path>
    <offsets>
      <x-m>  0.178 </x-m>
      <y-m> -0.110 </y-m>
      <z-m>  0.167 </z-m>
    </offsets>
  </model>

  <model>
    <path>Aircraft/Fouga-Magister/Models/Interior/Panel/Instruments/Empty/big.xml</path>
    <offsets>
      <x-m>  0.178 </x-m>
      <y-m> -0.140 </y-m>
      <z-m>  0.080 </z-m>
    </offsets>
  </model>

  <!-- Asi -->
  <model>
    <path>Aircraft/Fouga-Magister/Models/Interior/Panel/Instruments/asi/asi.xml</path>
    <offsets>
      <x-m>  0.178 </x-m>
      <y-m> -0.070 </y-m>
      <z-m>  0.080 </z-m>
    </offsets>
  </model>

  <model>
    <path>Aircraft/Fouga-Magister/Models/Interior/Panel/Instruments/Empty/big.xml</path>
    <offsets>
      <x-m>  0.178 </x-m>
      <y-m> -0.140 </y-m>
      <z-m>  0.000 </z-m>
    </offsets>
  </model>

  <!-- Alt -->
  <model>
    <path>Aircraft/Fouga-Magister/Models/Interior/Panel/Instruments/alt/alt.xml</path>
    <offsets>
      <x-m>  0.178 </x-m>
      <y-m> -0.070 </y-m>
      <z-m>  0.000 </z-m>
    </offsets>
  </model>

  <model>
    <path>Aircraft/Fouga-Magister/Models/Interior/Panel/Instruments/Empty/big.xml</path>
    <offsets>
      <x-m>  0.178 </x-m>
      <y-m>  0.070 </y-m>
      <z-m>  0.080 </z-m>
    </offsets>
  </model>

  <model>
    <path>Aircraft/Fouga-Magister/Models/Interior/Panel/Instruments/Empty/big.xml</path>
    <offsets>
      <x-m>  0.178 </x-m>
      <y-m>  0.070 </y-m>
      <z-m>  0.000 </z-m>
    </offsets>
  </model>

  <!-- Little Pilot -->
  <!-- Hdg -->
  <model>
    <path>Aircraft/Fouga-Magister/Models/Interior/Panel/Instruments/hdg/hdg.xml</path>
    <offsets>
      <x-m>  0.178 </x-m>
      <y-m>  0.000 </y-m>
      <z-m>  0.090 </z-m>
    </offsets>
  </model>

  <!-- Vsi -->
  <model>
    <path>Aircraft/Fouga-Magister/Models/Interior/Panel/Instruments/vsi/vsi.xml</path>
    <offsets>
      <x-m>  0.178 </x-m>
      <y-m>  0.000 </y-m>
      <z-m> -0.010 </z-m>
    </offsets>
  </model>

  <model>
    <path>Aircraft/Fouga-Magister/Models/Interior/Panel/Instruments/Empty/little.xml</path>
    <offsets>
      <x-m>  0.178 </x-m>
      <y-m>  0.120 </y-m>
      <z-m>  0.165 </z-m>
    </offsets>
  </model>

  <model>
    <path>Aircraft/Fouga-Magister/Models/Interior/Panel/Instruments/Empty/little.xml</path>
    <offsets>
      <x-m>  0.178 </x-m>
      <y-m>  0.150 </y-m>
      <z-m>  0.090 </z-m>
    </offsets>
  </model>

  <model>
    <path>Aircraft/Fouga-Magister/Models/Interior/Panel/Instruments/Empty/little.xml</path>
    <offsets>
      <x-m>  0.178 </x-m>
      <y-m> -0.160 </y-m>
      <z-m> -0.070 </z-m>
    </offsets>
  </model>

  <model>
    <path>Aircraft/Fouga-Magister/Models/Interior/Panel/Instruments/Empty/little.xml</path>
    <offsets>
      <x-m>  0.178 </x-m>
      <y-m> -0.104 </y-m>
      <z-m> -0.070 </z-m>
    </offsets>
  </model>

  <model>
    <path>Aircraft/Fouga-Magister/Models/Interior/Panel/Instruments/Empty/little.xml</path>
    <offsets>
      <x-m>  0.178 </x-m>
      <y-m> -0.048 </y-m>
      <z-m> -0.070 </z-m>
    </offsets>
  </model>

  <model>
    <path>Aircraft/Fouga-Magister/Models/Interior/Panel/Instruments/Empty/little.xml</path>
    <offsets>
      <x-m>  0.178 </x-m>
      <y-m> -0.160 </y-m>
      <z-m> -0.130 </z-m>
    </offsets>
  </model>

  <model>
    <path>Aircraft/Fouga-Magister/Models/Interior/Panel/Instruments/Empty/little.xml</path>
    <offsets>
      <x-m>  0.178 </x-m>
      <y-m> -0.104 </y-m>
      <z-m> -0.130 </z-m>
    </offsets>
  </model>

  <model>
    <path>Aircraft/Fouga-Magister/Models/Interior/Panel/Instruments/Empty/little.xml</path>
    <offsets>
      <x-m>  0.178 </x-m>
      <y-m> -0.048 </y-m>
      <z-m> -0.130 </z-m>
    </offsets>
  </model>

  <!-- Big CoPilot-->
  <model>
    <path>Aircraft/Fouga-Magister/Models/Interior/Panel/Instruments/Empty/big.xml</path>
    <offsets>
      <x-m>  1.618 </x-m>
      <y-m> -0.110 </y-m>
      <z-m>  0.167 </z-m>
    </offsets>
  </model>

  <model>
    <path>Aircraft/Fouga-Magister/Models/Interior/Panel/Instruments/Empty/big.xml</path>
    <offsets>
      <x-m>  1.618 </x-m>
      <y-m> -0.140 </y-m>
      <z-m>  0.080 </z-m>
    </offsets>
  </model>

  <!-- Asi -->
  <model>
    <path>Aircraft/Fouga-Magister/Models/Interior/Panel/Instruments/asi/asi.xml</path>
    <offsets>
      <x-m>  1.618 </x-m>
      <y-m> -0.070 </y-m>
      <z-m>  0.080 </z-m>
    </offsets>
  </model>

  <model>
    <path>Aircraft/Fouga-Magister/Models/Interior/Panel/Instruments/Empty/big.xml</path>
    <offsets>
      <x-m>  1.618 </x-m>
      <y-m> -0.140 </y-m>
      <z-m>  0.000 </z-m>
    </offsets>
  </model>

  <!-- Alt -->
  <model>
    <path>Aircraft/Fouga-Magister/Models/Interior/Panel/Instruments/alt/alt.xml</path>
    <offsets>
      <x-m>  1.618 </x-m>
      <y-m> -0.070 </y-m>
      <z-m>  0.000 </z-m>
    </offsets>
  </model>

  <model>
    <path>Aircraft/Fouga-Magister/Models/Interior/Panel/Instruments/Empty/big.xml</path>
    <offsets>
      <x-m>  1.618 </x-m>
      <y-m>  0.070 </y-m>
      <z-m>  0.080 </z-m>
    </offsets>
  </model>

  <model>
    <path>Aircraft/Fouga-Magister/Models/Interior/Panel/Instruments/Empty/big.xml</path>
    <offsets>
      <x-m>  1.618 </x-m>
      <y-m>  0.070 </y-m>
      <z-m>  0.000 </z-m>
    </offsets>
  </model>

  <!-- Little CoPilot -->
  <!-- Hdg -->
  <model>
    <path>Aircraft/Fouga-Magister/Models/Interior/Panel/Instruments/hdg/hdg.xml</path>
    <offsets>
      <x-m>  1.618 </x-m>
      <y-m>  0.000 </y-m>
      <z-m>  0.090 </z-m>
    </offsets>
  </model>

  <!-- Vsi -->
  <model>
    <path>Aircraft/Fouga-Magister/Models/Interior/Panel/Instruments/vsi/vsi.xml</path>
    <offsets>
      <x-m>  1.618 </x-m>
      <y-m>  0.000 </y-m>
      <z-m> -0.010 </z-m>
    </offsets>
  </model>

  <model>
    <path>Aircraft/Fouga-Magister/Models/Interior/Panel/Instruments/Empty/little.xml</path>
    <offsets>
      <x-m>  1.618 </x-m>
      <y-m>  0.120 </y-m>
      <z-m>  0.165 </z-m>
    </offsets>
  </model>

  <model>
    <path>Aircraft/Fouga-Magister/Models/Interior/Panel/Instruments/Empty/little.xml</path>
    <offsets>
      <x-m>  1.618 </x-m>
      <y-m>  0.150 </y-m>
      <z-m>  0.090 </z-m>
    </offsets>
  </model>

  <model>
    <path>Aircraft/Fouga-Magister/Models/Interior/Panel/Instruments/Empty/little.xml</path>
    <offsets>
      <x-m>  1.618 </x-m>
      <y-m> -0.160 </y-m>
      <z-m> -0.070 </z-m>
    </offsets>
  </model>

  <model>
    <path>Aircraft/Fouga-Magister/Models/Interior/Panel/Instruments/Empty/little.xml</path>
    <offsets>
      <x-m>  1.618 </x-m>
      <y-m> -0.104 </y-m>
      <z-m> -0.070 </z-m>
    </offsets>
  </model>

  <model>
    <path>Aircraft/Fouga-Magister/Models/Interior/Panel/Instruments/Empty/little.xml</path>
    <offsets>
      <x-m>  1.618 </x-m>
      <y-m> -0.048 </y-m>
      <z-m> -0.070 </z-m>
    </offsets>
  </model>

  <model>
    <path>Aircraft/Fouga-Magister/Models/Interior/Panel/Instruments/Empty/little.xml</path>
    <offsets>
      <x-m>  1.618 </x-m>
      <y-m> -0.160 </y-m>
      <z-m> -0.130 </z-m>
    </offsets>
  </model>

  <model>
    <path>Aircraft/Fouga-Magister/Models/Interior/Panel/Instruments/Empty/little.xml</path>
    <offsets>
      <x-m>  1.618 </x-m>
      <y-m> -0.104 </y-m>
      <z-m> -0.130 </z-m>
    </offsets>
  </model>

  <model>
    <path>Aircraft/Fouga-Magister/Models/Interior/Panel/Instruments/Empty/little.xml</path>
    <offsets>
      <x-m>  1.618 </x-m>
      <y-m> -0.048 </y-m>
      <z-m> -0.130 </z-m>
    </offsets>
  </model>

</PropertyList>
