<?xml version="1.0" encoding="ISO-8859-1"?>

<PropertyList>

  <path>vsi.ac</path>

  <animation>
    <object-name>fond</object-name>
    <object-name>VSIface</object-name>
    <object-name>VSIneedle</object-name>

    <object-name>vitre</object-name>
  </animation>

  <animation>
    <type>noshadow</type>
    <object-name>fond</object-name>
    <object-name>VSIface</object-name>
    <object-name>VSIneedle</object-name>
    <object-name>vitre</object-name>
  </animation>

  <!-- working for Compositor -->
  <effect>
    <inherits-from>../../../../Effects/Glass/glass</inherits-from>
    <object-name>vitre</object-name>
  </effect>

  <animation>
    <type>material</type>
    <object-name>VSIface</object-name>
    <object-name>VSIneedle</object-name>
    <condition>
      <property>controls/electric/battery-switch</property>
    </condition>
    <emission>
      <factor-prop>controls/lighting/instruments-norm</factor-prop>
      <red>   0.50 </red>
      <green> 0.40 </green>
      <blue>  0.30 </blue>
    </emission>
  </animation>

  <animation>
    <type>rotate</type>
    <object-name>VSIneedle</object-name>
    <property>instrumentation/vertical-speed-indicator/indicated-speed-fpm</property>
    <interpolation>
      <entry><ind> -2000 </ind><dep> -173.0 </dep></entry>
      <entry><ind> -1500 </ind><dep> -126.0 </dep></entry>
      <entry><ind> -1000 </ind><dep>  -84.0 </dep></entry>
      <entry><ind>  -500 </ind><dep>  -41.5 </dep></entry>
      <entry><ind>     0 </ind><dep>    0.0 </dep></entry>
      <entry><ind>   500 </ind><dep>   41.5 </dep></entry>
      <entry><ind>  1000 </ind><dep>   84.0 </dep></entry>
      <entry><ind>  1500 </ind><dep>  126.0 </dep></entry>
      <entry><ind>  2000 </ind><dep>  173.0 </dep></entry>
    </interpolation>
    <axis>
      <x> -1 </x>
      <y>  0 </y>
      <z>  0 </z>
    </axis>
  </animation>

</PropertyList>
