<?xml version="1.0" encoding="ISO-8859-1"?>

<PropertyList>
  
  <path>pedals.ac</path>
  
  <animation>
    <object-name>CPT-L-pedal</object-name>
    <object-name>CPT-R-pedal</object-name>
  </animation>
  
  <animation>
    <type>translate</type>
    <object-name>CPT-L-pedal</object-name>
    <property>controls/flight/rudder</property>
    <factor> 0.07 </factor>
    <axis>
      <x> 1 </x>
      <y> 0 </y>
      <z> 0 </z>
    </axis>
  </animation>
  
  <animation>
    <type>translate</type>
    <object-name>CPT-R-pedal</object-name>
    <property>controls/flight/rudder</property>
    <factor> 0.07 </factor>
    <axis>
      <x> -1 </x>
      <y>  0 </y>
      <z>  0 </z>
    </axis>
  </animation>
  
</PropertyList>
