<?xml version="1.0" encoding="ISO-8859-1"?>

<PropertyList>

  <path>turn.ac</path>

  <animation>
    <object-name>fond</object-name>
    <object-name>visses</object-name>
    <object-name>background</object-name>
    <object-name>ball</object-name>
    <object-name>face</object-name>
    <object-name>needle</object-name>

    <object-name>vitre</object-name>
  </animation>

  <animation>
    <type>noshadow</type>
    <object-name>fond</object-name>
    <object-name>visses</object-name>
    <object-name>background</object-name>
    <object-name>ball</object-name>
    <object-name>face</object-name>
    <object-name>needle</object-name>
    <object-name>vitre</object-name>
  </animation>

  <!-- working for Compositor -->
  <effect>
    <inherits-from>../../../../Effects/Glass/glass</inherits-from>
    <object-name>vitre</object-name>
  </effect>

  <animation>
    <type>material</type>
    <object-name>background</object-name>
    <object-name>ball</object-name>
    <object-name>face</object-name>
    <object-name>needle</object-name>
    <condition>
      <property>controls/electric/battery-switch</property>
    </condition>
    <emission>
      <factor-prop>controls/lighting/instruments-norm</factor-prop>
      <red>   0.50 </red>
      <green> 0.40 </green>
      <blue>  0.30 </blue>
    </emission>
  </animation>

  <animation>
    <type>rotate</type>
    <object-name>ball</object-name>
    <property>/instrumentation/slip-skid-ball/indicated-slip-skid</property>
    <min>-1.1</min>
    <max>1.1</max>
    <interpolation>
      <entry><ind> -1.1 </ind><dep> -6.2 </dep></entry>
      <entry><ind>  1.1 </ind><dep>  6.2 </dep></entry>
    </interpolation>
    <center>
      <x-m> 0.00 </x-m>
      <y-m> 0.00 </y-m>
      <z-m> 0.22 </z-m>
    </center>
    <axis>
      <x> -1 </x>
      <y>  0 </y>
      <z>  0 </z>
    </axis>
  </animation>

  <animation>
    <type>rotate</type>
    <object-name>needle</object-name>
    <property>/instrumentation/turn-indicator/indicated-turn-rate</property>
    <factor>8.0</factor>
    <axis>
      <x> -1 </x>
      <y>  0 </y>
      <z>  0 </z>
    </axis>
  </animation>

</PropertyList>
