<?xml version="1.0" encoding="ISO-8859-1"?>

<PropertyList>

  <path>FuelGauge.ac</path>

  <animation>
    <object-name>Bezel</object-name>
    <object-name>Face</object-name>
    <object-name>PtrL</object-name>
    <object-name>PtrR</object-name>

    <object-name>vitre</object-name>
  </animation>

  <!-- working for Rembrandt -->
  <effect>
    <inherits-from>Aircraft/Grob-G115/Models/Effects/Glass/glass</inherits-from>
    <object-name>vitre</object-name>
  </effect>
  
  <animation>
    <type>material</type>
    <object-name>Face</object-name>
    <object-name>PtrL</object-name>
    <object-name>PtrR</object-name>
    <emission>
      <red>   1.0 </red>
      <green> 0.2 </green>
      <blue>  0.0 </blue>
      <factor-prop>/controls/lighting/instruments-norm</factor-prop>
    </emission>
  </animation>

  <animation> 
    <type>rotate</type>
    <object-name>PtrL</object-name>
    <object-name>PtrTipL</object-name>
    <property>consumables/fuel/tank[0]/level-lbs</property>
    <interpolation>
      <entry><ind>  0.000 </ind><dep>  0.0 </dep></entry>
      <entry><ind> 31.747 </ind><dep> 33.0 </dep></entry>
      <entry><ind> 63.493 </ind><dep> 59.5 </dep></entry>
      <entry><ind> 95.240 </ind><dep> 90.0 </dep></entry>
    </interpolation>
    <axis> 
      <x>1</x>
      <y>0</y>
      <z>0</z>
    </axis>
    <center>
      <x-m>  0.00 </x-m>
      <y-m> -0.02 </y-m>
      <z-m>  0.00 </z-m>  
    </center>
  </animation>         
 
  <animation> 
    <type>rotate</type>
    <object-name>PtrR</object-name>
    <object-name>PtrTipR</object-name>
    <property>consumables/fuel/tank[1]/level-lbs</property>
    <interpolation>
      <entry><ind>  0.000 </ind><dep>  0.0 </dep></entry>
      <entry><ind> 31.747 </ind><dep> 33.0 </dep></entry>
      <entry><ind> 63.493 </ind><dep> 59.5 </dep></entry>
      <entry><ind> 95.240 </ind><dep> 90.0 </dep></entry>
    </interpolation>
    <axis> 
      <x> -1 </x>
      <y>  0 </y>
      <z>  0 </z>
    </axis>
    <center>
      <x-m> 0.00 </x-m>
      <y-m> 0.02 </y-m>
      <z-m> 0.00 </z-m>  
    </center>
  </animation>         
 
</PropertyList>
