<?xml version="1.0" encoding="ISO-8859-1"?>

<PropertyList>

  <path>Clock.ac</path>

  <animation>
    <object-name>Bezel</object-name>
    <object-name>Face</object-name>
    <object-name>Seconds</object-name>
    <object-name>Minutes</object-name>
    <object-name>Hours</object-name>

    <object-name>vitre</object-name>
  </animation>

  <!-- working for Rembrandt -->
  <effect>
    <inherits-from>Aircraft/Grob-G115/Models/Effects/Glass/glass</inherits-from>
    <object-name>vitre</object-name>
  </effect>
  
  <animation>
    <type>material</type>
    <object-name>Face</object-name>
    <object-name>Seconds</object-name>
    <object-name>Minutes</object-name>
    <object-name>Hours</object-name>
    <emission>
      <red>   1.0 </red>
      <green> 0.2 </green>
      <blue>  0.0 </blue>
      <factor-prop>/sim/model//material/instruments/factor</factor-prop>
    </emission>
  </animation>

  <animation>
    <type>rotate</type>
    <object-name>Seconds</object-name>
    <property>/sim/time/utc/day-seconds</property>
    <factor>6</factor>
    <axis>
      <x> -1 </x>
      <y>  0 </y>
      <z>  0 </z>
    </axis>
  </animation>

  <animation>
    <type>rotate</type>
    <object-name>Minutes</object-name>
    <property>/sim/time/utc/day-seconds</property>
    <factor>0.1</factor>
    <axis>
      <x> -1 </x>
      <y>  0 </y>
      <z>  0 </z>
    </axis>
  </animation>

  <animation>
    <type>rotate</type>
    <object-name>Hours</object-name>
    <property>/sim/time/utc/day-seconds</property>
    <factor>0.008333</factor>
    <axis>
      <x> -1 </x>
      <y>  0 </y>
      <z>  0 </z>
    </axis>
  </animation>

</PropertyList>
